filename_x,AIC_s,BIC_s,AIC_ns,BIC_ns,LRT_stat,LRT_p,beta1,slope_MSL,errMSL,slope_res,errresid,filename_y,n_years,completeness,longitude,latitude,country
aalesundtg-aal-nor-cmems_annual,500.06,506.44,500.14,508.65,1.92,0.166327476,0.761881,0.124157914,0.023320414,0.686183984,0.326125260,aalesundtg-aal-nor-cmems,66,3.9029,6.1519461,62.469414,NOR
abashiri-347-jpn-uhslc_fd_annual,360.74,366.71,362.62,370.57,0.13,0.719365084,-0.065837,0.161716837,0.019092248,0.079667062,0.291004750,abashiri-347-jpn-uhslc_fd,58,0.9906,144.283,44.017,JPN
abashiri-347a-jpn-uhslc_rq_annual,415.86,422.24,417.85,426.36,0.01,0.928228786,-0.017565,0.115738031,0.017315436,0.064622255,0.279250952,abashiri-347a-jpn-uhslc_rq,69,0.9872,144.283,44.017,JPN
abashiri-ma02-jpn-jodc_jma_annual,356.75,362.66,358.61,366.50,0.14,0.711160702,-0.072485,0.164497054,0.019441241,0.041035321,0.310889633,abashiri-ma02-jpn-jodc_jma,57,0.9831,144.28583333,44.01945,JPN
aburatsu-354-jpn-uhslc_fd_annual,550.46,556.93,551.71,560.35,0.74,0.388472107,0.186602,0.265695955,0.023023059,0.147650350,0.349149149,aburatsu-354-jpn-uhslc_fd,65,0.9916,131.417,31.567,JPN
aburatsu-354a-jpn-uhslc_rq_annual,696.89,704.18,716.27,726.00,-17.39,1.000000000,-0.053916,0.236143251,0.014015602,-0.037338031,0.249201201,aburatsu-354a-jpn-uhslc_rq,92,1.0211,131.417,31.583,JPN
aburatsu-ma41-jpn-jodc_jma_annual,534.85,541.23,535.60,544.11,1.25,0.263968166,0.295818,0.255917066,0.025165243,0.234825173,0.372767398,aburatsu-ma41-jpn-jodc_jma,64,0.985,131.40945,31.57695,JPN
adak_alaska-040-usa-uhslc_fd_annual,435.71,442.24,436.11,444.81,1.60,0.205858696,0.164074,-0.182375084,0.020659582,0.168190371,0.125779553,adak_alaska-040-usa-uhslc_fd,76,0.9913,-176.635,51.858,USA
adak_alaska-040a-usa-uhslc_rq_annual,411.26,417.59,412.02,420.47,1.24,0.266353408,0.153222,-0.197145523,0.023659283,0.150572388,0.131738420,adak_alaska-040a-usa-uhslc_rq,72,0.9978,-176.632,51.863,USA
adak_island-9461380-usa-noaa_annual,516.83,523.35,515.28,523.98,3.54,0.059783954,0.684646,-0.182058417,0.020646048,0.222515723,0.131437009,adak_island-9461380-usa-noaa,76,0.9753,-176.632,51.863306,USA
albany-62120-aus-bom_annual,326.87,332.78,321.84,329.72,7.03,0.008018337,0.286809,0.155439874,0.041852458,0.266068419,0.124501170,albany-62120-aus-bom,58,0.9571,117.8926,-35.0337,AUS
alesund-aes-nor-nhs_annual,488.83,495.16,489.88,498.33,0.95,0.330022038,0.537509,0.200265244,0.023473079,0.458419484,0.255224341,alesund-aes-nor-nhs,66,0.9464,6.151946,62.469414,NOR
alicante_i-ali-esp-da_mm_annual,335.00,340.86,337.00,344.81,0.00,0.988378597,0.004401,0.058026704,0.018620568,0.037616483,0.329722167,alicante_i-ali-esp-da_mm,62,1.0965,-0.477877,38.338271,ESP
annapolis-8575512-usa-noaa_annual,754.26,761.69,754.42,764.33,1.84,0.175315073,0.141057,0.394814378,0.012183307,0.119025166,0.161236194,annapolis-8575512-usa-noaa,98,0.9827,-76.4816,38.98328,USA
antofagasta-080-chl-uhslc_fd_annual,429.14,435.84,426.35,435.29,4.78,0.028726833,0.202023,-0.084854411,0.017245320,0.192602309,0.144392516,antofagasta-080-chl-uhslc_fd,81,0.983,-70.4,-23.65,CHL
antofagasta-080a-chl-uhslc_rq_annual,391.55,397.98,392.11,400.69,1.44,0.230854145,0.124489,-0.089855399,0.020296127,0.111317356,0.146388961,antofagasta-080a-chl-uhslc_rq,74,0.9881,-70.405,-23.653,CHL
aomoriko-0104-jpn-jodc_pahb_annual,355.29,361.20,344.24,352.13,13.04,0.000304520,-0.077135,0.846612265,0.061142203,-0.097758388,0.046312991,aomoriko-0104-jpn-jodc_pahb,59,1.0515,140.76388333,40.83528333,JPN
apra_harbor_guam-053a-usa-uhslc_rq_annual,381.27,387.60,372.61,381.05,10.66,0.001093287,-0.144242,0.206916049,0.042903016,-0.143996241,0.062490309,apra_harbor_guam-053a-usa-uhslc_rq,73,1.0118,144.65,13.433,USA
argentia-835-can-meds_annual,385.15,390.64,385.27,392.59,1.88,0.170042687,0.372937,0.309499738,0.032224607,0.295662028,0.399299063,argentia-835-can-meds,55,0.9114,-53.98,47.3,CAN
asamushi-gs06-jpn-jodc_giaj_annual,465.11,471.68,464.81,473.57,2.30,0.129460758,0.295403,0.045480501,0.020759548,0.262162905,0.272938544,asamushi-gs06-jpn-jodc_giaj,70,0.9864,140.85916667,40.8975,JPN
astoria-9439040-usa-noaa_annual,794.78,802.54,773.07,783.41,23.71,0.000001118,0.025924,-0.016148288,0.017241777,0.049795941,0.242677557,astoria-9439040-usa-noaa,101,0.992,-123.768306,46.207306,USA
astoria_or-572a-usa-uhslc_rq_annual,746.75,754.38,746.77,756.94,1.98,0.159514742,0.292056,-0.019018723,0.018065526,0.294454006,0.244217678,astoria_or-572a-usa-uhslc_rq,97,1.0,-123.767,46.208,USA
atlantic_city-264-usa-uhslc_fd_annual,906.52,914.45,908.46,919.04,0.06,0.808234031,0.022079,0.422840662,0.010442956,0.030185719,0.125635780,atlantic_city-264-usa-uhslc_fd,114,0.9995,-74.418,39.355,USA
atlantic_city-8534720-usa-noaa_annual,906.79,914.70,908.79,919.33,0.01,0.939164879,0.007184,0.422149081,0.010572434,-0.019374488,0.127343459,atlantic_city-8534720-usa-noaa,114,0.985,-74.418053,39.356667,USA
atlantic_city_nj-264a-usa-uhslc_rq_annual,872.53,880.34,873.83,884.25,0.70,0.404337716,0.082037,0.415715946,0.010874331,0.091433299,0.138883208,atlantic_city_nj-264a-usa-uhslc_rq,110,1.0041,-74.418,39.355,USA
awashima-hd25-jpn-jodc_jcg_annual,393.75,399.83,395.66,403.76,0.09,0.766060560,-0.035650,0.381170736,0.021524890,-0.277005204,0.154786372,awashima-hd25-jpn-jodc_jcg,60,0.9981,139.255,38.46778333,JPN
bakar-bak-hrv-uz_annual,601.77,608.77,601.23,610.56,2.54,0.110858367,0.347793,0.120431907,0.016355345,0.280337373,0.283418929,bakar-bak-hrv-uz,84,1.1079,14.533,45.3,HRV
balboa-302-pan-uhslc_fd_annual,826.71,834.70,826.27,836.92,2.44,0.117993550,0.124877,0.136799385,0.008455669,0.336005912,0.182835920,balboa-302-pan-uhslc_fd,112,0.9898,-79.573,8.962,PAN
balboa-302a-pan-uhslc_rq_annual,835.26,843.28,834.70,845.39,2.56,0.109645743,0.128024,0.135883203,0.008209786,0.352824050,0.180067186,balboa-302a-pan-uhslc_rq,112,0.9965,-79.573,8.965,PAN
baltimore-8574680-usa-noaa_annual,1048.96,1057.35,1050.52,1061.70,0.44,0.505677586,0.052629,0.329549287,0.008190902,0.083232737,0.127503954,baltimore-8574680-usa-noaa,124,0.9959,-76.579444,39.266944,USA
bamfield_bc-8545-can-meds_annual,399.41,405.32,400.13,408.02,1.28,0.258637233,0.271044,-0.006742515,0.032786780,0.309167259,0.332870825,bamfield_bc-8545-can-meds,57,0.9531,-125.14,48.84,CAN
bar_harbor-8413320-usa-noaa_annual,547.15,553.67,548.83,557.53,0.31,0.575063703,-0.130970,0.242077770,0.013198353,-0.138661489,0.308776412,bar_harbor-8413320-usa-noaa,77,0.9896,-68.204278,44.392194,USA
bergen-bgo-nor-nhs_annual,641.90,649.40,653.83,663.82,-9.92,1.000000000,0.518278,0.078083347,0.014238148,0.607164325,0.186796114,bergen-bgo-nor-nhs,108,0.9233,5.320487,60.398046,NOR
bergentg-ber-nor-cmems_annual,661.17,668.67,652.51,662.51,10.65,0.001099045,0.663599,0.020422383,0.012337174,0.768426250,0.245587378,bergentg-ber-nor-cmems,108,2.6205,5.320487,60.398045,NOR
bjorn-2067-swe-smhi_annual,674.03,681.21,675.15,684.73,0.88,0.348402750,-0.090667,-0.633802304,0.030189525,-0.061396345,0.095629986,bjorn-2067-swe-smhi,88,0.963,17.9667,60.6333,SWE
bjorn-bjo-swe-cmems_annual,657.49,664.67,675.29,684.87,-15.81,1.000000000,-0.081107,-0.633798006,0.030190180,-0.061394477,0.095628010,bjorn-bjo-swe-cmems,88,0.963,17.9667,60.633301,SWE
bodo-boo-nor-nhs_annual,454.64,460.66,451.61,459.64,5.03,0.024883689,0.974676,-0.005342288,0.029846792,0.663021966,0.346353310,bodo-boo-nor-nhs,76,0.8713,14.39977,67.29233,NOR
bodoetg-bod-nor-cmems_annual,469.19,475.32,479.49,487.66,-8.30,1.000000000,0.696246,-0.061619888,0.027799448,0.653593953,0.353773016,bodoetg-bod-nor-cmems,76,3.1904,14.39977,67.292328,NOR
boston-8443970-usa-noaa_annual,920.78,928.69,945.08,955.62,-22.30,1.000000000,0.322266,0.294699736,0.010696607,0.235692350,0.218196948,boston-8443970-usa-noaa,105,0.9959,-71.0534,42.354801,USA
boston_ma-741a-usa-uhslc_rq_annual,906.70,914.49,908.66,919.04,0.04,0.843667796,0.457808,0.286808513,0.011019406,0.337336568,0.237822893,boston_ma-741a-usa-uhslc_rq,101,0.9974,-71.052,42.355,USA
brest-3-fra-refmar_annual,1324.32,1333.54,1326.03,1338.33,0.28,0.594621420,-0.049664,0.133790158,0.006253811,-0.040626646,0.139468596,brest-3-fra-refmar,169,0.9652,-4.49503994,48.38290024,FRA
brest-822-fra-uhslc_fd_annual,1339.77,1349.03,1341.77,1354.12,0.01,0.941566245,-0.006425,0.133335766,0.006445321,0.001639419,0.135240343,brest-822-fra-uhslc_fd,172,1.0442,-4.5,48.383,FRA
brest-822a-fra-uhslc_rq_annual,1289.06,1298.21,1290.90,1303.10,0.17,0.683824680,0.040869,0.126339789,0.006587375,0.049312730,0.149835740,brest-822a-fra-uhslc_rq,165,1.0491,-4.495,48.383,FRA
bresttg_60minute-bre-fra-cmems_annual,1324.26,1333.49,1325.98,1338.28,0.28,0.596063431,-0.049459,0.133840264,0.006257038,-0.040284301,0.139422397,bresttg_60minute-bre-fra-cmems,169,0.9639,-4.4951,48.3829,FRA
bridgeport-8467150-usa-noaa_annual,542.84,548.87,544.86,552.89,-0.02,1.000000000,-0.097784,0.346035887,0.032344374,-0.441023982,0.558721162,bridgeport-8467150-usa-noaa,56,0.9917,-73.181702,41.173302,USA
buenaventura-085a-col-uhslc_rq_annual,491.36,497.03,460.48,468.05,32.88,0.000000010,-0.675276,0.185411783,0.033018256,-0.739932325,0.598517671,buenaventura-085a-col-uhslc_rq,62,0.9949,-77.062,3.89,COL
buenos_aires-285a-arg-uhslc_rq_annual,560.80,566.93,531.96,540.13,30.84,0.000000028,2.286731,0.132103892,0.039055383,1.898273053,0.675401760,buenos_aires-285a-arg-uhslc_rq,57,1.0007,-58.5,-34.667,ARG
bunbury-62190-aus-bom_annual,440.76,446.73,442.49,450.45,0.27,0.600862357,0.125081,0.190349834,0.044000540,0.496565507,0.291943695,bunbury-62190-aus-bom,58,0.9515,115.66,-33.3234,AUS
bundaberg_burnett_heads-59820-aus-bom_annual,483.88,489.84,491.62,499.57,-5.74,1.000000000,-1.005253,0.230621739,0.037718846,-0.012197979,0.495589366,bundaberg_burnett_heads-59820-aus-bom,57,0.9689,152.3833,-24.7667,AUS
cadiz-cadi-esp-ieo_annual,387.81,393.55,389.54,397.19,0.27,0.600270597,0.079281,0.350344765,0.040052823,0.199759828,0.200325585,cadiz-cadi-esp-ieo,56,1.1977,-6.283,36.54,ESP
callao-093-per-uhslc_fd_annual,351.10,356.83,352.96,360.61,0.14,0.707130166,0.234270,-0.114060653,0.036402963,0.183867608,0.191069692,callao-093-per-uhslc_fd,56,0.9917,-77.15,-12.05,PER
cape_may-8536110-usa-noaa_annual,468.46,474.31,470.65,478.46,-0.20,1.000000000,0.230552,0.519436795,0.034701462,0.206387364,0.271739116,cape_may-8536110-usa-noaa,59,0.986,-74.959722,38.967778,USA
cape_may_nj-746a-usa-uhslc_rq_annual,434.52,440.13,422.97,430.45,13.55,0.000232232,0.199717,0.501153872,0.042875599,0.333941672,0.315625873,cape_may_nj-746a-usa-uhslc_rq,55,1.0209,-74.96,38.968,USA
cedar_key-8727520-usa-noaa_annual,895.78,903.41,919.45,929.62,-21.67,1.000000000,0.434577,0.236434208,0.012428992,0.587979215,0.334607864,cedar_key-8727520-usa-noaa,104,0.9835,-83.0317,29.135,USA
ceuta-207-esp-uhslc_fd_annual,421.24,427.85,421.30,430.12,1.94,0.163675881,0.255758,0.067265784,0.015997566,0.222073634,0.195010788,ceuta-207-esp-uhslc_fd,81,0.9953,-5.317,35.9,ESP
ceuta-207a-esp-uhslc_rq_annual,416.56,423.13,416.40,425.16,2.16,0.141843750,0.277629,0.064847592,0.016382549,0.248970031,0.198606350,ceuta-207a-esp-uhslc_rq,74,0.9985,-5.317,35.9,ESP
ceuta-ceta-esp-ieo_annual,428.70,435.22,441.91,450.61,-11.21,1.000000000,0.368686,0.061963973,0.016816074,0.313105058,0.253730186,ceuta-ceta-esp-ieo,73,1.1518,-5.314,35.89,ESP
charleston_sc-261-usa-uhslc_fd_annual,892.89,900.73,894.73,905.19,0.16,0.692060249,-0.047724,0.351444261,0.013452848,0.034885810,0.163335471,charleston_sc-261-usa-uhslc_fd,105,0.9887,-79.933,32.783,USA
charleston_sc-261b-usa-uhslc_rq_annual,856.62,864.34,857.79,868.09,0.83,0.363182684,-0.110159,0.339445807,0.013072264,-0.061817443,0.173426618,charleston_sc-261b-usa-uhslc_rq,101,0.9933,-79.925,32.782,USA
cherry_point-9449424-usa-noaa_annual,361.68,367.29,370.84,378.33,-7.16,1.000000000,0.512076,-0.011112601,0.037627200,0.455759050,0.341849594,cherry_point-9449424-usa-noaa,55,0.9861,-122.758,48.8633,USA
chiba-hd06-jpn-jodc_jcg_annual,523.63,529.86,524.42,532.73,1.21,0.271709300,0.398919,0.206645259,0.022438648,1.117809983,0.584126087,chiba-hd06-jpn-jodc_jcg,61,0.9817,140.04555,35.56805,JPN
churchill-274-can-uhslc_fd_annual,380.82,386.24,386.71,393.93,-3.88,1.000000000,0.284102,-1.015863772,0.046697571,0.336210955,0.142548260,churchill-274-can-uhslc_fd,64,0.972,-94.2,58.783,CAN
churchill-274a-can-uhslc_rq_annual,382.50,387.85,379.22,386.36,5.28,0.021587033,0.231458,-1.026994959,0.049091904,0.301866639,0.140183418,churchill-274a-can-uhslc_rq,58,0.9863,-94.183,58.767,CAN
churchill-5010-can-meds_annual,568.16,574.73,571.17,579.92,-1.01,1.000000000,0.279885,-0.867604536,0.032889245,0.323985722,0.087762268,churchill-5010-can-meds,86,0.911,-94.18,58.77,CAN
cordova_alaska-583b-usa-uhslc_rq_annual,356.74,362.35,358.62,366.10,0.12,0.724612656,-0.064874,0.224676015,0.053755477,-0.308355116,0.215179509,cordova_alaska-583b-usa-uhslc_rq,55,1.0674,-145.753,60.558,USA
coruna-coru-esp-ieo_annual,531.29,537.95,497.98,506.86,35.31,0.000000003,0.161472,0.257825524,0.024471813,0.048957437,0.148578708,coruna-coru-esp-ieo,74,1.1498,-8.3977,43.3683,ESP
crescent_city-9419750-usa-noaa_annual,655.77,663.03,654.30,663.98,3.47,0.062549899,0.390814,-0.084170985,0.014508306,0.309702668,0.290499886,crescent_city-9419750-usa-noaa,90,0.9824,-124.18439,41.74561,USA
crescent_city_ca-556-usa-uhslc_fd_annual,646.33,653.52,644.69,654.27,3.64,0.056432646,0.445979,-0.084768084,0.014804868,0.354256142,0.299967491,crescent_city_ca-556-usa-uhslc_fd,90,1.0254,-124.183,41.745,USA
crescent_city_ca-556a-usa-uhslc_rq_annual,610.24,617.27,607.67,617.05,4.57,0.032583241,0.441940,-0.089150786,0.015593118,0.293634806,0.302326345,crescent_city_ca-556a-usa-uhslc_rq,86,1.0324,-124.183,41.745,USA
cristobal-266-pan-uhslc_fd_annual,451.91,459.57,451.24,461.45,2.67,0.101970549,-0.048250,0.141121159,0.011391634,-0.069501926,0.044685293,cristobal-266-pan-uhslc_fd,102,1.0571,-79.9,9.35,PAN
cristobal-266a-pan-uhslc_rq_annual,474.34,482.09,474.32,484.66,2.02,0.154942160,-0.041290,0.140293445,0.010683151,-0.048520846,0.045605367,cristobal-266a-pan-uhslc_rq,105,1.0555,-79.915,9.355,PAN
cuxhaven-825-deu-uhslc_fd_annual,1042.40,1050.06,1056.46,1066.67,-12.06,1.000000000,1.592194,0.215579073,0.017560316,1.672673504,0.681776722,cuxhaven-825-deu-uhslc_fd,100,1.0758,8.717,53.867,DEU
cuxhaven-825a-deu-uhslc_rq_annual,1035.86,1043.46,1033.23,1043.36,4.63,0.031476360,1.981822,0.209582482,0.017883840,2.088779554,0.700364139,cuxhaven-825a-deu-uhslc_rq,98,1.0776,8.717,53.867,DEU
cuxhaven_steubenhoft-cux-deu-bfg_annual,1141.49,1149.45,1160.44,1171.06,-16.96,1.000000000,1.889182,0.210350410,0.018085942,1.983398137,0.632159129,cuxhaven_steubenhoft-cux-deu-bfg,108,0.9865,8.717343,53.867699,DEU
darwin-63230-aus-bom_annual,499.53,505.66,501.51,509.68,0.02,0.878521957,0.024565,0.339744323,0.048483141,-0.573666113,0.303061636,darwin-63230-aus-bom,64,0.9352,130.8459,-12.4718,AUS
degerby-deg-fin-cmems_annual,395.71,401.62,395.72,403.60,1.99,0.158009831,0.209501,-0.059642246,0.058504853,0.311087095,0.175890122,degerby-deg-fin-cmems,55,0.991,20.3848,60.031898,FIN
den_helder-denhdr-nld-rws_hist_annual,472.80,478.35,473.96,481.36,0.85,0.357918168,0.275305,0.170668708,0.042626819,0.411204102,1.184840937,den_helder-denhdr-nld-rws_hist,86,4.0778,4.74499,52.964357,NLD
den_oever_buiten-denovbtn-nld-rws_hist_annual,502.09,507.64,506.38,513.78,-2.29,1.000000000,-0.549558,0.241150356,0.047596731,-0.453265336,1.265392878,den_oever_buiten-denovbtn-nld-rws_hist,57,3.5474,5.045596,52.931535,NLD
draghallan-2062-swe-smhi_annual,491.30,497.82,505.90,514.59,-12.60,1.000000000,0.077633,-0.798541542,0.032316438,0.062880559,0.079256328,draghallan-2062-swe-smhi,73,0.9382,17.4667,62.3333,SWE
draghallan-dra-swe-cmems_annual,491.25,497.78,492.05,500.75,1.20,0.272882359,0.072330,-0.798548679,0.032317101,0.062896669,0.079255398,draghallan-dra-swe-cmems,73,0.9382,17.4667,62.333302,SWE
eastport-8410140-usa-noaa_annual,686.59,693.78,685.79,695.37,2.80,0.094349279,-0.248840,0.227708679,0.010828746,-0.571647074,0.223773322,eastport-8410140-usa-noaa,97,0.9855,-66.982903,44.904598,USA
eastport_me-740a-usa-uhslc_rq_annual,679.12,686.22,681.07,690.54,0.05,0.822468565,-0.032032,0.217442476,0.011081064,-0.585893370,0.296369807,eastport_me-740a-usa-uhslc_rq,93,0.9932,-66.985,44.903,USA
esbjerg-esb-dnk-dmi_annual,738.21,744.91,735.62,744.56,4.58,0.032312801,1.167616,0.290581456,0.036877404,1.160066617,0.547009202,esbjerg-esb-dnk-dmi,76,1.356,8.4333,55.4667,DNK
esperance-62080-aus-bom_annual,380.74,386.81,382.64,390.74,0.10,0.756066213,0.052043,0.169832105,0.037185390,-0.016565717,0.200570456,esperance-62080-aus-bom,58,0.9653,121.8954,-33.8709,AUS
fernandina_beach-8720030-usa-noaa_annual,964.92,972.94,966.41,977.10,0.51,0.474540021,-0.113700,0.237659005,0.012421608,-0.035523348,0.175487729,fernandina_beach-8720030-usa-noaa,116,0.9814,-81.465833,30.671389,USA
fishguard-fis-gbr-bodc_annual,359.93,365.29,358.11,365.24,3.83,0.050371602,0.540578,0.316487339,0.039392060,0.536636560,0.303466676,fishguard-fis-gbr-bodc,59,2.6909,-4.98375,52.013222,GBR
foglo_degerby-134252-fin-fmi_annual,405.71,411.68,406.42,414.38,1.29,0.255538508,0.220914,-0.057892947,0.055957624,0.311960267,0.184161389,foglo_degerby-134252-fin-fmi,55,0.9898,20.38,60.03,FIN
fort_denison-333-aus-uhslc_fd_annual,368.70,374.88,369.96,378.20,0.74,0.389668822,-0.133610,0.160481527,0.020347986,-0.196512777,0.191668289,fort_denison-333-aus-uhslc_fd,59,1.0247,151.233,-33.85,AUS
fort_denison-333a-aus-uhslc_rq_annual,350.31,356.33,350.52,358.55,1.79,0.181526970,-0.221024,0.137054618,0.020691000,-0.331860918,0.220486069,fort_denison-333a-aus-uhslc_rq,55,1.0371,151.227,-33.855,AUS
fort_myers-8725520-usa-noaa_annual,439.45,445.06,444.09,451.58,-2.65,1.000000000,0.309264,0.386350252,0.032422934,0.897810813,0.451958540,fort_myers-8725520-usa-noaa,57,0.9862,-81.871,26.648,USA
fort_pulaski-8670870-usa-noaa_annual,738.65,745.90,738.75,748.43,1.90,0.168518645,0.240398,0.360848225,0.015253478,0.079354565,0.206727827,fort_pulaski-8670870-usa-noaa,91,0.9884,-80.9017,32.0367,USA
fort_pulaski_ga-752-usa-uhslc_fd_annual,741.79,749.05,740.67,750.35,3.11,0.077600327,0.306421,0.360013575,0.015427898,0.113915689,0.205781635,fort_pulaski_ga-752-usa-uhslc_fd,91,0.9897,-80.902,32.033,USA
fort_pulaski_ga-752a-usa-uhslc_rq_annual,709.99,717.10,709.97,719.45,2.02,0.155198199,0.284012,0.342473331,0.015198084,0.157817644,0.250590258,fort_pulaski_ga-752a-usa-uhslc_rq,87,0.995,-80.902,32.033,USA
freeport-8772440-usa-noaa_annual,448.22,453.96,450.02,457.67,0.20,0.656358722,-0.059706,0.904993490,0.066710419,-0.054583330,0.193483740,freeport-8772440-usa-noaa,55,0.9821,-95.3083,28.9483,USA
fremantle-62230-aus-bom_annual,823.41,831.56,824.69,835.56,0.72,0.396328810,0.082309,0.168315833,0.013911223,0.029804991,0.113345469,fremantle-62230-aus-bom,121,0.9548,115.7395,-32.0558,AUS
friday_harbor-9449880-usa-noaa_annual,641.24,648.64,643.24,653.10,0.00,0.966486974,-0.006737,0.113517015,0.012316654,-0.046385044,0.200585306,friday_harbor-9449880-usa-noaa,91,0.9907,-123.012889,48.545306,USA
fukue-ma50-jpn-jodc_jma_annual,417.74,423.76,413.76,421.79,5.98,0.014464702,-0.548440,0.194549439,0.021618131,-0.027786287,0.335370014,fukue-ma50-jpn-jodc_jma,60,0.9673,128.84945,32.69611667,JPN
furuogrund-2055-swe-smhi_annual,940.09,948.17,895.92,906.69,46.17,0.000000000,-0.255641,-0.777439230,0.023364368,-0.199760113,0.055418917,furuogrund-2055-swe-smhi,110,0.993,21.2306,64.9158,SWE
furuogrund-fur-swe-cmems_annual,941.24,949.32,901.89,912.66,41.35,0.000000000,-0.336219,-0.776858559,0.023341476,-0.199328993,0.055410409,furuogrund-fur-swe-cmems,110,0.9921,21.2306,64.915802,SWE
galveston_pier_21-775-usa-uhslc_fd_annual,970.36,978.44,968.59,979.36,3.77,0.052166351,0.092979,0.653729022,0.012458815,0.104185602,0.067488062,galveston_pier_21-775-usa-uhslc_fd,121,1.0048,-94.793,29.31,USA
galveston_pier_21-775a-usa-uhslc_rq_annual,937.04,945.00,936.55,947.17,2.49,0.114852390,0.077386,0.646197222,0.012968144,0.100166761,0.073475636,galveston_pier_21-775a-usa-uhslc_rq,117,1.0092,-94.793,29.31,USA
galveston_pier_21-8771450-usa-noaa_annual,1008.77,1016.98,1006.37,1017.32,4.40,0.035988790,0.093680,0.661544104,0.012653346,0.087141630,0.062669005,galveston_pier_21-8771450-usa-noaa,122,0.9947,-94.793306,29.31,USA
galveston_ppier-767-usa-uhslc_fd_annual,467.72,473.46,469.72,477.37,0.00,0.992974660,-0.001598,0.619768533,0.041536005,0.080284431,0.286874814,galveston_ppier-767-usa-uhslc_fd,55,0.9809,-94.788,29.285,USA
galveston_ppier-767a-usa-uhslc_rq_annual,473.05,478.79,469.72,477.37,5.33,0.020961293,-0.001600,0.619777076,0.041535174,0.080267767,0.286867655,galveston_ppier-767a-usa-uhslc_rq,55,0.9809,-94.79,29.287,USA
gedser-837a-dnk-uhslc_rq_annual,1007.87,1016.02,1009.82,1020.69,0.05,0.821510094,-0.253322,0.119770364,0.009836651,-0.149815266,0.348109848,gedser-837a-dnk-uhslc_rq,122,0.9952,11.933,54.567,DNK
gedser-ged-dnk-dmi_annual,1116.06,1124.49,1115.68,1126.93,2.38,0.123214978,-0.218225,0.126888946,0.008402386,-0.231238152,0.313164639,gedser-ged-dnk-dmi,135,1.1548,11.933333,54.566666,DNK
geelong-60770-aus-bom_annual,312.25,317.67,320.59,327.82,-6.34,1.000000000,0.440562,0.175695732,0.028990414,0.375657106,0.267895084,geelong-60770-aus-bom,57,0.8621,144.3633,-38.1467,AUS
geraldton-62290-aus-bom_annual,409.23,415.30,409.38,417.48,1.84,0.174440961,0.175554,0.221774182,0.048180175,0.205866405,0.184897586,geraldton-62290-aus-bom,60,0.948,114.6019,-28.776,AUS
goteborgorsh-819-swe-uhslc_fd_annual,468.35,474.26,465.65,473.53,4.70,0.030210887,1.247137,0.078317690,0.039843723,1.359809513,0.587871220,goteborgorsh-819-swe-uhslc_fd,57,0.9693,11.8,57.683,SWE
goteborgtorshamnen-got-swe-cmems_annual,475.91,481.88,456.39,464.34,21.53,0.000003487,1.512869,0.073017551,0.036235272,1.752314821,0.572424865,goteborgtorshamnen-got-swe-cmems,57,0.9693,11.7906,57.6847,SWE
guam-053-usa-uhslc_fd_annual,408.11,414.64,399.78,408.47,10.34,0.001304067,-0.136553,0.237772900,0.038706799,-0.131301688,0.058955188,guam-053-usa-uhslc_fd,77,1.0047,144.65,13.433,USA
hachijyojima-hd11-jpn-jodc_jcg_annual,503.37,509.56,493.89,502.13,11.49,0.000700707,-0.253956,0.148509111,0.147449279,-0.246247738,0.099160246,hachijyojima-hd11-jpn-jodc_jcg,74,0.9981,139.80471667,33.13028333,JPN
hakata-hd18-jpn-jodc_jcg_annual,418.70,424.83,420.63,428.80,0.07,0.784493026,0.039227,0.292890241,0.021119070,0.358667845,0.228149956,hakata-hd18-jpn-jodc_jcg,60,0.9981,130.40778333,33.61861667,JPN
hakodate-364-jpn-uhslc_fd_annual,417.43,423.71,402.43,410.81,16.99,0.000037482,0.232203,-0.127484232,0.023684927,0.244197433,0.248179180,hakodate-364-jpn-uhslc_fd,62,0.9912,140.733,41.783,JPN
hakodate-364a-jpn-uhslc_rq_annual,445.29,451.90,447.10,455.92,0.18,0.667778228,0.085560,-0.029599809,0.021813962,0.087795006,0.252842279,hakodate-364a-jpn-uhslc_rq,69,0.997,140.717,41.783,JPN
hakodate-ma06-jpn-jodc_jma_annual,402.11,408.29,389.24,397.48,14.87,0.000115344,0.087261,-0.108414450,0.025367046,0.071146833,0.262113330,hakodate-ma06-jpn-jodc_jma,60,1.0007,140.72471667,41.78166667,JPN
hamina-ham-fin-cmems_annual,499.29,505.20,496.07,503.95,5.22,0.022380104,0.678838,-0.017934357,0.071350071,0.677551830,0.420383105,hamina-ham-fin-cmems,55,0.991,27.179199,60.562801,FIN
hamina_pitajansaari-134254-fin-fmi_annual,496.04,502.00,504.47,512.42,-6.43,1.000000000,0.669787,-0.011605383,0.067279781,0.666424265,0.432028154,hamina_pitajansaari-134254-fin-fmi,55,0.9898,27.18,60.56,FIN
hammerfest-hft-nor-nhs_annual,414.68,420.70,416.71,424.74,-0.03,1.000000000,0.061836,0.140108527,0.030234617,0.052338935,0.235568659,hammerfest-hft-nor-nhs,69,0.8936,23.683227,70.664641,NOR
hammerfesttg-ham-nor-cmems_annual,428.46,434.59,418.82,426.99,11.64,0.000644824,0.053215,0.108587505,0.029161235,0.073428137,0.259266722,hammerfesttg-ham-nor-cmems,69,3.3907,23.67869,70.664749,NOR
hanko-han-fin-cmems_annual,434.23,440.14,429.71,437.59,6.52,0.010686507,0.472431,-0.038988496,0.062766827,0.513991470,0.237987421,hanko-han-fin-cmems,55,0.991,22.976601,59.822899,FIN
hanko_pikku_kolalahti-134253-fin-fmi_annual,442.56,448.53,437.25,445.21,7.31,0.006851681,0.473222,-0.036075954,0.059775759,0.517855865,0.237549598,hanko_pikku_kolalahti-134253-fin-fmi,55,0.9898,22.98,59.82,FIN
hansweert-hanswt-nld-rws_hist_annual,476.85,482.40,478.62,486.02,0.23,0.628265825,-0.320776,0.346581719,0.045265305,-0.587904209,0.821506561,hansweert-hanswt-nld-rws_hist,81,2.6751,4.006959,51.445556,NLD
harlingen-harlgn-nld-rws_hist_annual,497.74,503.16,499.01,506.23,0.74,0.390519913,0.546044,0.177091083,0.052233460,0.909671494,1.614683222,harlingen-harlgn-nld-rws_hist,81,4.3458,5.409342,53.175632,NLD
harstad-har-nor-nhs_annual,465.77,472.20,465.24,473.81,2.53,0.111678959,0.405903,0.048770113,0.023911462,0.405350846,0.235681342,harstad-har-nor-nhs,74,0.9427,16.548236,68.801261,NOR
harstadtg-har-nor-cmems_annual,460.28,466.76,450.75,459.39,11.53,0.000684432,0.740980,-0.051077199,0.023873096,0.521108749,0.236545430,harstadtg-har-nor-cmems,74,3.4025,16.548237,68.801262,NOR
heimsjo-hei-nor-nhs_annual,736.01,743.40,736.24,746.10,1.77,0.183662477,0.407559,-0.066961845,0.015650416,1.255654172,0.395062623,heimsjo-hei-nor-nhs,97,0.9358,9.101504,63.425224,NOR
heimsjoetg-hei-nor-cmems_annual,737.29,744.69,735.03,744.89,4.26,0.038971789,0.531060,-0.113478575,0.015046001,1.328355733,0.355261551,heimsjoetg-hei-nor-cmems,98,2.6783,9.1015043,63.425224,NOR
helsinki-hel-fin-cmems_annual,465.42,471.33,464.05,471.93,3.37,0.066237612,0.441065,-0.061802810,0.065474438,0.539249319,0.278381456,helsinki-hel-fin-cmems,55,0.991,24.9562,60.153599,FIN
helsinki_kaivopuisto-132310-fin-fmi_annual,473.34,479.31,471.84,479.79,3.50,0.061245060,0.441635,-0.057724252,0.062512815,0.545108471,0.279004726,helsinki_kaivopuisto-132310-fin-fmi,55,0.9898,24.96,60.15,FIN
hilo_hawaii-060-usa-uhslc_fd_annual,504.74,511.96,496.04,505.67,10.70,0.001073550,-0.040524,0.312665930,0.017778495,-0.010585378,0.051485648,hilo_hawaii-060-usa-uhslc_fd,86,1.1454,-155.067,19.733,USA
hiroshima-hd14-jpn-jodc_jcg_aligned_annual,642.08,648.74,630.69,639.56,13.39,0.000252830,-0.335566,0.538898227,0.023734266,-0.496365189,0.111470767,hiroshima-hd14-jpn-jodc_jcg_aligned,74,0.9846,132.46471667,34.35305,JPN
hoek_van_holland-hoekvhld-nld-rws_hist_annual,445.50,450.92,447.52,454.75,-0.03,1.000000000,-0.906108,0.206340610,0.042715477,-0.789106620,1.057257094,hoek_van_holland-hoekvhld-nld-rws_hist,89,4.0137,4.119881,51.977572,NLD
honningsvaagtg-hon-nor-cmems_annual,380.33,386.06,382.05,389.70,0.27,0.600300954,0.184916,0.146836314,0.036096276,0.176957027,0.284230802,honningsvaagtg-hon-nor-cmems,55,4.2653,25.972696,70.980316,NOR
honningsvag-hvg-nor-nhs_annual,359.37,364.99,349.73,357.21,11.65,0.000643605,0.043042,0.227424126,0.032756224,-0.073195098,0.229835611,honningsvag-hvg-nor-nhs,55,0.956,25.972697,70.980318,NOR
honolulu-1612340-usa-noaa_annual,657.85,665.87,671.09,681.78,-11.24,1.000000000,-0.071913,0.146641336,0.010619950,-0.098550706,0.067698283,honolulu-1612340-usa-noaa,112,0.9962,-157.867,21.306694,USA
honolulu_hawaii-057-usa-uhslc_fd_annual,699.04,707.27,693.99,704.97,7.05,0.007932364,-0.100679,0.157039552,0.009856332,-0.190591001,0.057125022,honolulu_hawaii-057-usa-uhslc_fd,121,0.9965,-157.867,21.307,USA
honolulu_hawaii-057b-usa-uhslc_rq_annual,677.54,685.67,702.88,713.71,-23.33,1.000000000,-0.004806,0.155601568,0.010416910,-0.169836484,0.062472507,honolulu_hawaii-057b-usa-uhslc_rq,117,1.0007,-157.867,21.307,USA
hornbaek-838a-dnk-uhslc_rq_annual,992.89,1001.07,994.56,1005.47,0.33,0.563522978,0.631398,0.036020016,0.012055696,0.694487078,0.331839993,hornbaek-838a-dnk-uhslc_rq,122,1.0007,12.467,56.1,DNK
hornbaek-hor-dnk-dmi_annual,1127.03,1135.54,1127.91,1139.26,1.12,0.289794908,0.575080,0.046525289,0.009810456,0.552158483,0.331735819,hornbaek-hor-dnk-dmi,135,1.1594,12.466666,56.099998,DNK
hosojima-gs02-jpn-jodc_giaj_annual,719.63,726.96,717.40,727.17,4.23,0.039645348,0.764947,0.006281848,0.017617288,0.790841826,0.386882654,hosojima-gs02-jpn-jodc_giaj,92,0.9789,131.66945,32.42861667,JPN
ishigaki-365-jpn-uhslc_fd_annual,473.11,479.13,475.14,483.17,-0.03,1.000000000,-0.500031,0.249472474,0.023408592,-0.513899432,0.436709601,ishigaki-365-jpn-uhslc_fd,57,0.9904,124.15,24.333,JPN
ishigaki-365a-jpn-uhslc_rq_annual,457.80,463.71,460.02,467.90,-0.22,1.000000000,-0.405046,0.237313881,0.023513856,-0.417303361,0.480687467,ishigaki-365a-jpn-uhslc_rq,56,0.9828,124.15,24.333,JPN
ishigaki-ma45-jpn-jodc_jma_annual,456.54,462.45,459.07,466.96,-0.54,1.000000000,-0.415705,0.237520303,0.023483132,-0.417803869,0.482291594,ishigaki-ma45-jpn-jodc_jma,56,0.9828,124.16361667,24.33221667,JPN
izuhara-hd23-jpn-jodc_jcg_aligned_annual,507.56,514.17,513.51,522.33,-3.96,1.000000000,0.113674,0.296890418,0.017096619,0.141247738,0.094855465,izuhara-hd23-jpn-jodc_jcg_aligned,77,0.9786,129.29166667,34.19778333,JPN
johnston-052-usa-uhslc_fd_annual,559.01,565.71,560.89,569.83,0.12,0.732993875,-0.082188,0.125558966,0.018811901,-0.448498745,0.358177622,johnston-052-usa-uhslc_fd,76,1.0292,-169.517,16.75,USA
johnston-052a-usa-uhslc_rq_annual,505.96,512.34,507.88,516.39,0.08,0.777373541,-0.080699,0.110225346,0.022086564,-0.277949315,0.432180420,johnston-052a-usa-uhslc_rq,69,1.0394,-169.53,16.738,USA
kagoshima-ma42-jpn-jodc_jma_annual,455.73,461.53,464.48,472.20,-6.75,1.000000000,-0.124731,0.474762876,0.025286656,0.120171378,0.439792445,kagoshima-ma42-jpn-jodc_jma,59,0.9667,130.56471667,31.5925,JPN
kahului-059-usa-uhslc_fd_annual,431.08,437.69,449.01,457.83,-15.94,1.000000000,-0.071205,0.220124321,0.020267421,0.046866319,0.093564660,kahului-059-usa-uhslc_fd,76,0.9836,-156.467,20.9,USA
kahului-059a-usa-uhslc_rq_annual,403.70,410.13,397.54,406.12,8.16,0.004291288,0.014279,0.222074098,0.021887894,0.092762326,0.095235738,kahului-059a-usa-uhslc_rq,72,0.9896,-156.467,20.9,USA
kahului-1615680-usa-noaa_annual,441.30,447.73,443.01,451.58,0.29,0.588278290,-0.047127,0.220504987,0.022408519,-0.029037787,0.140821882,kahului-1615680-usa-noaa,71,0.9785,-156.476694,20.895,USA
kainan-gs05-jpn-jodc_giaj_annual,537.86,544.47,539.75,548.57,0.10,0.748089929,0.051257,-0.131814129,0.025907707,0.017619420,0.385706895,kainan-gs05-jpn-jodc_giaj,71,0.9866,135.19138333,34.14416667,JPN
kamaishi-hd05-jpn-jodc_jcg_aligned_annual,453.11,459.45,439.53,447.97,15.59,0.000078732,0.051361,0.705674860,0.028532707,0.008472950,0.074081481,kamaishi-hd05-jpn-jodc_jcg_aligned,71,0.998,141.88916667,39.27333333,JPN
kashiwazaki-gs08-jpn-jodc_giaj_annual,460.05,466.43,461.05,469.56,1.00,0.317429665,0.391577,0.112570866,0.017826611,0.375038187,0.314585430,kashiwazaki-gs08-jpn-jodc_giaj,69,0.9862,138.50861667,37.35666667,JPN
kaskinen-kas-fin-cmems_annual,426.87,432.78,414.67,422.55,14.20,0.000164498,0.195337,0.002402733,0.062111680,0.389243740,0.203257865,kaskinen-kas-fin-cmems,55,0.991,21.2148,62.344002,FIN
kaskinen_adskar-134251-fin-fmi_annual,434.05,440.01,421.59,429.55,14.45,0.000143768,0.187507,0.006750012,0.061516087,0.378643019,0.196252204,kaskinen_adskar-134251-fin-fmi,55,0.9863,21.21,62.34,FIN
katsuura-gs11-jpn-jodc_giaj_annual,468.99,475.02,470.22,478.25,0.78,0.378076765,0.345258,0.155832446,0.022837927,0.307643200,0.732697762,katsuura-gs11-jpn-jodc_giaj,57,1.0007,140.24945,35.12945,JPN
kemi-kem-fin-cmems_annual,449.29,455.08,444.05,451.78,7.24,0.007137204,0.627883,0.047281435,0.071676849,0.868642182,0.336600272,kemi-kem-fin-cmems,55,0.991,24.515301,65.672897,FIN
kemi_ajos-100539-fin-fmi_annual,456.75,462.60,451.18,458.98,7.57,0.005937952,0.632054,0.060297216,0.066511642,0.840844351,0.343146106,kemi_ajos-100539-fin-fmi,55,0.9695,24.52,65.67,FIN
key_west-8724580-usa-noaa_annual,742.28,750.36,744.17,754.93,0.12,0.734079992,0.014080,0.263616857,0.008178453,-0.030085021,0.067613087,key_west-8724580-usa-noaa,113,0.9907,-81.80806,24.55083,USA
key_west_fl-242-usa-uhslc_fd_annual,742.50,750.57,744.33,755.10,0.17,0.680706605,0.016871,0.263692583,0.008262656,-0.028785098,0.067514132,key_west_fl-242-usa-uhslc_fd,113,0.9958,-81.808,24.553,USA
key_west_fl-242a-usa-uhslc_rq_annual,711.05,719.01,713.05,723.66,0.00,0.949892456,0.002610,0.254455055,0.007878131,-0.103354726,0.073770504,key_west_fl-242a-usa-uhslc_rq,109,1.0002,-81.808,24.553,USA
klagshamn-2095-swe-smhi_annual,823.48,830.98,825.44,835.43,0.04,0.832788662,0.428879,0.092521229,0.018376719,0.433178562,0.456894258,klagshamn-2095-swe-smhi,97,0.9603,12.8936,55.5222,SWE
klagshamn-kla-swe-cmems_annual,822.74,830.24,824.37,834.37,0.37,0.542322037,0.436831,0.092431380,0.018375335,0.433775188,0.456672290,klagshamn-kla-swe-cmems,97,0.9603,12.8936,55.522202,SWE
komatsushima-ma36-jpn-jodc_jma_annual,465.50,471.57,467.12,475.22,0.37,0.540390811,0.116303,0.232369047,0.038018256,0.537578041,0.444794636,komatsushima-ma36-jpn-jodc_jma,60,0.9674,134.58778333,34.00916667,JPN
kornwerderzand_buiten-kornwdzbtn-nld-rws_hist_annual,512.42,517.97,515.22,522.62,-0.81,1.000000000,-0.394779,0.203027268,0.042901801,-0.027785642,1.417578342,kornwerderzand_buiten-kornwdzbtn-nld-rws_hist,87,2.4463,5.33663,53.06986,NLD
kozushima-hd09-jpn-jodc_jcg_aligned_annual,415.61,421.40,411.74,419.47,5.87,0.015424416,-0.091967,0.865926255,0.230614388,-0.061761696,0.065312006,kozushima-hd09-jpn-jodc_jcg_aligned,60,0.9981,139.13166667,34.20916667,JPN
kristiansund-ksu-nor-nhs_annual,534.83,541.54,516.43,525.37,20.40,0.000006284,0.339054,0.052412903,0.022673735,0.552673834,0.285003901,kristiansund-ksu-nor-nhs,74,0.9672,7.734352,63.113859,NOR
kristiansundtg-kri-nor-cmems_annual,552.28,559.06,551.27,560.33,3.00,0.083197764,0.664934,-0.030567091,0.022236218,0.556020516,0.306639623,kristiansundtg-kri-nor-cmems,74,3.5789,7.7343521,63.113857,NOR
kuchinotsu-ma48-jpn-jodc_jma_annual,457.60,463.39,449.83,457.56,9.77,0.001777723,-0.108704,0.254869439,0.022909827,-0.763511563,0.680090441,kuchinotsu-ma48-jpn-jodc_jma,57,0.9831,130.19528333,32.60528333,JPN
kungsholmsfort-2088-swe-smhi_annual,1150.92,1159.68,1144.49,1156.17,8.43,0.003690309,0.859566,0.011263646,0.010720864,0.862464933,0.245201034,kungsholmsfort-2088-swe-smhi,140,0.9863,15.5894,56.1053,SWE
kungsholmsfort-kun-swe-cmems_annual,1150.62,1159.38,1142.73,1154.41,9.89,0.001660048,0.852222,0.011231071,0.010722122,0.861931949,0.245298327,kungsholmsfort-kun-swe-cmems,140,0.9862,15.5894,56.105301,SWE
kure-hd13-jpn-jodc_jcg_annual,549.60,555.79,572.48,580.72,-20.87,1.000000000,0.090103,0.439252040,0.025579408,-0.122987420,0.395632304,kure-hd13-jpn-jodc_jcg,68,0.8953,132.55028333,34.24055,JPN
kushimoto-353-jpn-uhslc_fd_annual,516.15,522.58,516.08,524.65,2.07,0.150247616,-0.168577,0.462245126,0.027565963,0.032161036,0.199157168,kushimoto-353-jpn-uhslc_fd,65,0.9916,135.783,33.467,JPN
kushimoto-353a-jpn-uhslc_rq_annual,718.55,726.01,719.67,729.63,0.88,0.348811575,-0.108778,0.183489872,0.024479438,0.103417795,0.182226179,kushimoto-353a-jpn-uhslc_rq,94,1.0544,135.767,33.483,JPN
kushimoto-ma26-jpn-jodc_jma_annual,498.47,504.80,499.43,507.87,1.04,0.306856453,-0.127085,0.461992119,0.030082542,0.082364597,0.208265033,kushimoto-ma26-jpn-jodc_jma,64,0.985,135.77333333,33.47583333,JPN
kushiro-350-jpn-uhslc_fd_annual,536.59,543.50,538.01,547.23,0.58,0.446739401,-0.034200,0.819053631,0.022453132,-0.027626007,0.061966145,kushiro-350-jpn-uhslc_fd,80,0.9826,144.383,42.967,JPN
kushiro-350a-jpn-uhslc_rq_annual,519.58,526.41,521.56,530.67,0.02,0.887057991,-0.006270,0.839853954,0.021708689,-0.008846203,0.062527473,kushiro-350a-jpn-uhslc_rq,78,0.9897,144.367,42.967,JPN
kushiro-ma04-jpn-jodc_jma_annual,428.54,434.67,430.53,438.70,0.01,0.914398785,-0.007862,0.750501310,0.033258337,0.001752172,0.093767109,kushiro-ma04-jpn-jodc_jma,62,0.9684,144.37138333,42.97555,JPN
kwajalein-055-mhl-uhslc_fd_annual,433.96,440.99,426.01,435.39,9.95,0.001610742,-0.159198,0.210527679,0.021606004,-0.211133241,0.068034619,kwajalein-055-mhl-uhslc_fd,80,0.989,167.733,8.733,MHL
kwajalein-055a-mhl-uhslc_rq_annual,414.53,421.41,406.89,416.05,9.65,0.001898546,-0.169760,0.200975111,0.023111223,-0.219653394,0.073103095,kwajalein-055a-mhl-uhslc_rq,76,0.995,167.733,8.733,MHL
la_coruna-830-esp-uhslc_fd_annual,543.11,550.02,543.10,552.32,2.01,0.156535105,-0.148820,0.216443602,0.020021090,-0.153362024,0.152981059,la_coruna-830-esp-uhslc_fd,82,0.9892,-8.4,43.367,ESP
la_coruna-830a-esp-uhslc_rq_annual,501.43,508.13,503.48,512.42,-0.06,1.000000000,-0.008163,0.200387978,0.022502893,0.005427081,0.164694624,la_coruna-830a-esp-uhslc_rq,75,0.9985,-8.4,43.367,ESP
la_jolla-9410230-usa-noaa_annual,626.47,634.03,606.40,616.49,22.07,0.000002636,-0.297933,0.199583917,0.010869158,-0.381989305,0.102033142,la_jolla-9410230-usa-noaa,102,0.9787,-117.257139,32.866889,USA
la_jolla_ca-554-usa-uhslc_fd_annual,620.95,628.51,609.52,619.61,13.43,0.000247987,-0.302110,0.199637612,0.010655266,-0.373413521,0.100652011,la_jolla_ca-554-usa-uhslc_fd,102,0.99,-117.258,32.867,USA
la_jolla_ca-554a-usa-uhslc_rq_annual,545.71,553.07,546.68,556.50,1.02,0.312253504,-0.058870,0.200075749,0.012331373,-0.040185462,0.087956472,la_jolla_ca-554a-usa-uhslc_rq,97,1.0032,-117.257,32.867,USA
la_libertad-091-ecu-uhslc_fd_annual,488.28,494.98,482.53,491.47,7.75,0.005379521,-0.128101,0.520274509,0.036553755,-0.057346755,0.076381416,la_libertad-091-ecu-uhslc_fd,77,0.9855,-80.917,-2.2,ECU
la_libertad-091a-ecu-uhslc_rq_annual,451.47,457.89,445.97,454.55,7.49,0.006202604,-0.139359,0.555262387,0.041671461,-0.030275910,0.083928720,la_libertad-091a-ecu-uhslc_rq,70,0.9911,-80.917,-2.2,ECU
landsort-2073-swe-smhi_annual,860.77,869.08,861.42,872.50,1.35,0.245135105,-0.047504,-0.288389998,0.014771966,-0.063448246,0.067984317,landsort-2073-swe-smhi,121,0.9889,17.8667,58.75,SWE
landsort1-lan-swe-cmems_annual,860.14,868.45,862.57,873.65,-0.43,1.000000000,-0.063611,0.001582391,0.014910698,-0.105705963,0.137605735,landsort1-lan-swe-cmems,121,0.9889,17.866699,58.75,SWE
lauzon-3250-can-meds_annual,913.71,921.18,895.65,905.61,20.06,0.000007494,0.538879,-0.056087382,0.018122161,0.232013200,0.703503399,lauzon-3250-can-meds,108,0.9137,-71.16,46.83,CAN
le_conquet-152-fra-refmar_annual,385.73,391.41,376.60,384.16,11.13,0.000847791,-0.506726,0.328494632,0.027039030,-0.628041305,0.222694980,le_conquet-152-fra-refmar,56,0.9359,-4.78075,48.359098,FRA
leconquettg_60minute-lec-fra-cmems_annual,385.89,391.57,376.69,384.26,11.21,0.000815496,-0.507199,0.328588072,0.027016287,-0.631094137,0.224195834,leconquettg_60minute-lec-fra-cmems,56,0.9346,-4.7809,48.359299,FRA
lerwick-293-gbr-uhslc_fd_annual,348.08,353.82,350.58,358.22,-0.50,1.000000000,-0.219054,0.036863543,0.022226585,-0.166745237,0.371240381,lerwick-293-gbr-uhslc_fd,55,0.9992,-1.138,60.153,GBR
lerwick-293a-gbr-uhslc_rq_annual,352.30,358.10,355.24,362.97,-0.94,1.000000000,-0.206899,0.047739603,0.022319225,-0.159770557,0.330757906,lerwick-293a-gbr-uhslc_rq,58,0.9991,-1.14,60.155,GBR
lerwick-ler-gbr-bodc_annual,338.94,344.61,341.86,349.43,-0.92,1.000000000,-0.173615,0.063144805,0.023296400,-0.138914237,0.306730062,lerwick-ler-gbr-bodc,66,2.4813,-1.140306,60.154028,GBR
los_angeles-9410660-usa-noaa_annual,732.90,740.71,731.45,741.87,3.45,0.063243355,-0.246009,0.105045021,0.010539928,-0.360265135,0.203829195,los_angeles-9410660-usa-noaa,103,0.995,-118.272861,33.719944,USA
los_angeles_ca-567a-usa-uhslc_rq_annual,629.77,637.46,631.27,641.53,0.50,0.480640885,-0.064131,0.102164975,0.011400368,0.022658936,0.156548904,los_angeles_ca-567a-usa-uhslc_rq,99,0.9915,-118.272,33.72,USA
lowestoft-low-gbr-bodc_annual,575.48,581.67,589.57,597.81,-12.08,1.000000000,-0.009503,0.321337455,0.020958267,-0.040066601,0.706251305,lowestoft-low-gbr-bodc,61,2.6027,1.75025,52.473083,GBR
magueyes_island-9759110-usa-noaa_annual,379.61,385.85,381.60,389.91,0.01,0.909743106,-0.012787,0.204164476,0.017325201,-0.053709684,0.153970311,magueyes_island-9759110-usa-noaa,68,0.9705,-67.046402,17.9701,USA
magueyes_island_pr-246a-usa-uhslc_rq_annual,348.57,354.64,350.20,358.30,0.37,0.544427131,-0.071308,0.190326922,0.019048056,-0.132045756,0.160441258,magueyes_island_pr-246a-usa-uhslc_rq,63,1.0654,-67.047,17.972,USA
maizuru-hd24-jpn-jodc_jcg_annual,368.61,374.79,370.49,378.73,0.11,0.737495294,0.047086,0.248136009,0.024566098,0.050269075,0.148558263,maizuru-hd24-jpn-jodc_jcg,61,0.9693,135.31778333,35.45138333,JPN
maizuru-ma55-jpn-jodc_jma_annual,352.59,358.56,353.36,361.32,1.23,0.267015375,0.078645,0.401108906,0.018827758,0.103457600,0.122529249,maizuru-ma55-jpn-jodc_jma,56,0.9828,135.38695,35.47666667,JPN
makurazaki-ma43-jpn-jodc_jma_annual,496.94,502.96,517.28,525.31,-18.33,1.000000000,-0.033000,0.299074654,0.019829225,0.036905484,0.648615385,makurazaki-ma43-jpn-jodc_jma,59,0.9837,130.29305,31.26778333,JPN
malakal-007-plw-uhslc_fd_annual,344.50,350.35,346.39,354.19,0.11,0.743329460,-0.019070,0.243329304,0.084802683,0.050267623,0.099264531,malakal-007-plw-uhslc_fd,57,0.9852,134.463,7.33,PLW
maloy-may-nor-nhs_annual,509.26,516.01,523.14,532.13,-11.88,1.000000000,0.400672,0.174728929,0.017988357,0.403724838,0.173194766,maloy-may-nor-nhs,81,0.9455,5.11331,61.933776,NOR
maloytg-mal-nor-cmems_annual,549.70,556.57,549.69,558.85,2.01,0.156064959,0.494733,0.105787072,0.017913270,0.507889288,0.228989599,maloytg-mal-nor-cmems,81,3.3318,5.1133099,61.933777,NOR
marviken-2076-swe-smhi_annual,395.84,401.81,385.00,392.96,12.85,0.000338351,-0.184158,-0.205535790,0.050162488,-0.197317002,0.174212233,marviken-2076-swe-smhi,56,0.9805,16.8372,58.5536,SWE
marviken-mar-swe-cmems_annual,395.92,401.88,385.00,392.95,12.92,0.000324989,-0.184168,-0.205482915,0.050158592,-0.197373755,0.174182121,marviken-mar-swe-cmems,56,0.9805,16.8372,58.5536,SWE
matsuyama-ma34-jpn-jodc_jma_annual,550.22,556.60,552.19,560.70,0.03,0.874305530,0.077492,-0.014083410,0.022256017,-0.099240302,0.909611997,matsuyama-ma34-jpn-jodc_jma,64,0.985,132.71221667,33.85888333,JPN
mayport_ferry_depot-8720220-usa-noaa_annual,573.07,579.90,570.72,579.82,4.35,0.036996147,0.370876,0.246600870,0.019501910,0.346934191,0.211446179,mayport_ferry_depot-8720220-usa-noaa,73,0.9995,-81.4317,30.3933,USA
mayport_fl-753a-usa-uhslc_rq_annual,565.80,572.63,563.53,572.64,4.27,0.038719850,0.381094,0.246223613,0.019729145,0.350430679,0.207857840,mayport_fl-753a-usa-uhslc_rq,73,0.9952,-81.432,30.395,USA
melbourne_williamstown-60780-aus-bom_annual,416.75,422.83,414.82,422.92,3.93,0.047418058,0.607565,0.165255301,0.024173949,0.596175510,0.277490604,melbourne_williamstown-60780-aus-bom,57,0.9918,144.9165,-37.8657,AUS
mera-352-jpn-uhslc_fd_annual,489.59,495.72,491.25,499.43,0.34,0.561412850,-0.101138,0.380542292,0.022663994,0.219514271,0.377302387,mera-352-jpn-uhslc_fd,61,0.991,139.833,34.917,JPN
mera-352a-jpn-uhslc_rq_annual,750.85,758.28,752.67,762.58,0.17,0.678230748,0.036909,0.386148215,0.011163835,0.166566674,0.192496882,mera-352a-jpn-uhslc_rq,93,1.0101,139.817,34.917,JPN
mera-ma14-jpn-jodc_jma_annual,461.70,467.67,486.19,494.15,-22.49,1.000000000,0.812774,0.374812089,0.024616968,0.700764765,0.398170329,mera-ma14-jpn-jodc_jma,59,0.9668,139.825,34.91888333,JPN
midway-050-usa-uhslc_fd_annual,580.45,587.19,582.94,591.94,-0.49,1.000000000,0.272906,0.169003680,0.020302259,0.235152474,0.294733332,midway-050-usa-uhslc_fd,79,0.993,-177.367,28.217,USA
midway-050a-usa-uhslc_rq_annual,550.98,557.55,536.46,545.22,16.52,0.000048054,0.100455,0.153474522,0.020556716,0.414401215,0.329011616,midway-050a-usa-uhslc_rq,75,0.9993,-177.367,28.217,USA
mikuni-gs12-jpn-jodc_giaj_annual,390.30,396.27,389.26,397.22,3.04,0.081219932,0.213931,0.441535734,0.028662697,0.317670634,0.166559468,mikuni-gs12-jpn-jodc_giaj,57,1.0007,136.14888333,36.25445,JPN
miyakejima-357a-jpn-uhslc_rq_aligned_annual,462.28,468.25,448.16,456.12,16.12,0.000059557,-0.052110,0.442936609,0.124646001,0.132377466,0.120530026,miyakejima-357a-jpn-uhslc_rq_aligned,55,0.9992,139.482,34.067,JPN
miyakejima-hd10-jpn-jodc_jcg_aligned_annual,526.52,532.81,509.93,518.31,18.59,0.000016174,-0.120866,0.792279215,0.119687937,0.068280213,0.102859888,miyakejima-hd10-jpn-jodc_jcg_aligned,61,0.9981,139.48083333,34.06721667,JPN
miyako-ma09-jpn-jodc_jma_annual,349.74,355.54,349.77,357.50,1.97,0.160654190,0.276245,0.171626805,0.031339564,0.256855490,0.228676581,miyako-ma09-jpn-jodc_jma,57,1.0182,141.97528333,39.64305,JPN
montauk-8510560-usa-noaa_annual,583.87,590.30,586.61,595.19,-0.75,1.000000000,-0.192819,0.362290386,0.017816977,-0.146572661,0.294324096,montauk-8510560-usa-noaa,79,0.9928,-71.959444,41.048333,USA
montauk_ny-279a-usa-uhslc_rq_annual,557.36,563.64,559.67,568.05,-0.32,1.000000000,-0.088817,0.346589480,0.018647083,-0.066118487,0.335091970,montauk_ny-279a-usa-uhslc_rq,75,0.9916,-71.96,41.048,USA
murotomisaki-ma37-jpn-jodc_jma_annual,447.35,453.14,447.01,454.73,2.34,0.125918283,0.155460,0.818117817,0.041095906,0.088519677,0.196330835,murotomisaki-ma37-jpn-jodc_jma,57,0.9655,134.16445,33.26638333,JPN
nagasaki-362a-jpn-uhslc_rq_annual,468.92,475.30,470.88,479.39,0.04,0.842190112,0.028222,0.287646158,0.017524164,0.128819812,0.226402269,nagasaki-362a-jpn-uhslc_rq,64,0.985,129.867,32.733,JPN
nagasaki-ma49-jpn-jodc_jma_annual,423.81,429.84,425.39,433.42,0.43,0.513784780,-0.135153,0.297976872,0.021735473,-0.178430579,0.277789811,nagasaki-ma49-jpn-jodc_jma,59,0.9668,129.86611667,32.735,JPN
nagoya-ma22-jpn-jodc_jma_annual,588.01,594.39,590.00,598.51,0.00,0.985626243,0.005878,-0.063974053,0.042782064,0.166074255,0.666667838,nagoya-ma22-jpn-jodc_jma,64,0.985,136.88083333,35.09138333,JPN
naha-355-jpn-uhslc_fd_annual,482.71,488.89,484.43,492.67,0.28,0.595017499,0.587822,0.232332290,0.026154405,0.604220134,0.372878182,naha-355-jpn-uhslc_fd,60,0.9742,127.667,26.217,JPN
naha-355a-jpn-uhslc_rq_annual,466.41,472.48,467.12,475.22,1.29,0.256208141,0.730689,0.226665210,0.027818755,0.732625109,0.391517888,naha-355a-jpn-uhslc_rq,58,0.9834,127.667,26.217,JPN
naha-ma44-jpn-jodc_jma_annual,461.36,467.49,474.69,482.87,-11.34,1.000000000,0.537343,0.226437966,0.026408497,0.524419091,0.371353459,naha-ma44-jpn-jodc_jma,58,1.0007,127.66528333,26.21333333,JPN
nantucket_island-8449130-usa-noaa_annual,515.85,522.03,518.32,526.56,-0.47,1.000000000,0.250086,0.416312348,0.025279757,0.200650043,0.303529569,nantucket_island-8449130-usa-noaa,61,0.992,-70.09639,41.285278,USA
nantucket_ma-743a-usa-uhslc_rq_annual,460.64,466.49,461.05,468.85,1.59,0.207298282,0.519109,0.390583373,0.027790124,0.436037750,0.344063777,nantucket_ma-743a-usa-uhslc_rq,57,0.9992,-70.097,41.285,USA
naples-8725110-usa-noaa_annual,485.80,491.82,485.99,494.02,1.81,0.179024262,0.476726,0.323946955,0.027663504,0.361115166,0.346001177,naples-8725110-usa-noaa,60,0.9802,-81.8075,26.131667,USA
naples_fl-757a-usa-uhslc_rq_annual,468.35,474.32,468.24,476.20,2.11,0.146235546,0.530473,0.310947317,0.027517168,0.435136299,0.377407941,naples_fl-757a-usa-uhslc_rq,57,0.9977,-81.807,26.13,USA
narvik-nvk-nor-nhs_annual,673.69,680.76,685.52,694.95,-9.83,1.000000000,0.896180,-0.171194897,0.020679862,0.788318570,0.239847146,narvik-nvk-nor-nhs,86,0.9477,17.425759,68.428286,NOR
narviktg-nar-nor-cmems_annual,673.72,680.80,685.99,695.41,-10.26,1.000000000,0.756727,-0.219141032,0.021418369,0.706971427,0.234613091,narviktg-nar-nor-cmems,87,2.9773,17.425758,68.428284,NOR
nawiliwili-058-usa-uhslc_fd_annual,387.69,394.44,389.69,398.69,0.00,0.974479049,-0.001371,0.185588522,0.021578183,-0.036257529,0.076317410,nawiliwili-058-usa-uhslc_fd,72,0.981,-159.35,21.967,USA
nawiliwili-058a-usa-uhslc_rq_annual,376.94,383.51,444.81,453.57,-65.88,1.000000000,0.159827,0.176488712,0.023668039,-0.007271469,0.087148248,nawiliwili-058a-usa-uhslc_rq,68,0.9872,-159.35,21.967,USA
nawiliwili-1611400-usa-noaa_annual,483.66,490.41,485.68,494.68,-0.02,1.000000000,0.023845,0.185831146,0.021381943,-0.090176233,0.087574804,nawiliwili-1611400-usa-noaa,72,0.993,-159.3561,21.9544,USA
naze-359-jpn-uhslc_fd_annual,485.32,491.65,485.11,493.55,2.22,0.136621723,0.227032,0.307204288,0.027839229,0.422774608,0.208915759,naze-359-jpn-uhslc_fd,68,0.9586,129.498,28.378,JPN
naze-359a-jpn-uhslc_rq_annual,417.03,423.00,418.86,426.81,0.17,0.675758836,0.072582,0.256811007,0.029161299,0.057430387,0.274661929,naze-359a-jpn-uhslc_rq,61,0.9621,129.498,28.4,JPN
naze-hd22-jpn-jodc_jcg_aligned_annual,484.06,490.39,486.06,494.50,0.00,0.989499110,-0.002575,0.264839218,0.024541809,0.078445607,0.277836952,naze-hd22-jpn-jodc_jcg_aligned,68,0.9489,129.49778333,28.39916667,JPN
neah_bay-9443090-usa-noaa_annual,671.71,679.15,671.49,681.40,2.23,0.135717254,0.206219,-0.169572358,0.014085249,0.129285822,0.180852702,neah_bay-9443090-usa-noaa,92,0.9925,-124.601944,48.370278,USA
neah_bay_wa-558-usa-uhslc_fd_annual,645.72,653.15,646.02,655.93,1.69,0.193500755,0.172654,-0.169292631,0.014156962,0.096281579,0.164353685,neah_bay_wa-558-usa-uhslc_fd,92,0.9889,-124.617,48.368,USA
neah_bay_wa-558a-usa-uhslc_rq_annual,624.18,631.47,616.72,626.44,9.46,0.002097304,0.183869,-0.176396549,0.015509351,0.113000811,0.168791400,neah_bay_wa-558a-usa-uhslc_rq,88,0.9941,-124.617,48.368,USA
new_london-8461490-usa-noaa_annual,745.84,753.03,747.78,757.36,0.06,0.805213804,0.065863,0.283975505,0.013984000,-0.050241248,0.310547269,new_london-8461490-usa-noaa,88,0.9912,-72.089996,41.361401,USA
new_london_ct-744a-usa-uhslc_rq_annual,710.90,717.93,712.90,722.27,0.00,0.979511710,-0.007634,0.269047511,0.015520177,-0.145934298,0.364932714,new_london_ct-744a-usa-uhslc_rq,84,0.9954,-72.087,41.355,USA
new_westminster_bc-7654-can-meds_annual,481.62,487.48,467.25,475.06,16.37,0.000052074,0.680302,-0.005978425,0.057938604,0.833618982,0.450519394,new_westminster_bc-7654-can-meds,57,0.9316,-122.91,49.2,CAN
new_york_ny-745a-usa-uhslc_rq_annual,730.16,737.23,732.14,741.57,0.02,0.886762975,-0.034841,0.324692430,0.010984406,0.020947996,0.274418705,new_york_ny-745a-usa-uhslc_rq,98,1.0373,-74.015,40.7,USA
newcastle-60310-aus-bom_annual,410.50,416.63,406.00,414.17,6.50,0.010786930,-0.518068,0.169914623,0.027594928,-0.595858523,0.267352860,newcastle-60310-aus-bom,59,0.9631,151.7889,-32.9238,AUS
newlyn-new-gbr-bodc_annual,534.11,540.68,514.91,523.66,21.20,0.000004135,-0.219004,0.201225380,0.014175157,-0.302250207,0.168562482,newlyn-new-gbr-bodc,110,1.8891,-5.54275,50.103,GBR
newlyn_cornwall-294-gbr-uhslc_fd_annual,764.30,771.93,732.00,742.17,34.30,0.000000005,-0.526194,0.176962528,0.011392207,-0.754761804,0.209688223,newlyn_cornwall-294-gbr-uhslc_fd,99,0.9968,-5.542,50.102,GBR
newlyn_cornwall-294a-gbr-uhslc_rq_annual,788.27,796.00,756.12,766.41,34.16,0.000000005,-0.488946,0.182754567,0.010952476,-0.655184032,0.202212009,newlyn_cornwall-294a-gbr-uhslc_rq,102,0.9977,-5.542,50.102,GBR
newport-8452660-usa-noaa_annual,720.78,728.04,722.66,732.34,0.12,0.732677578,0.061386,0.295096919,0.011483961,-0.054634750,0.194542060,newport-8452660-usa-noaa,96,0.992,-71.326139,41.504333,USA
newport_ri-253-usa-uhslc_fd_annual,707.66,714.91,709.53,719.20,0.13,0.717919941,0.063679,0.295153870,0.011576122,0.003421533,0.190718534,newport_ri-253-usa-uhslc_fd,96,0.9882,-71.327,41.505,USA
newport_ri-253a-usa-uhslc_rq_annual,677.12,684.22,679.05,688.53,0.07,0.794540817,0.052043,0.282261819,0.011577803,0.043310828,0.220016297,newport_ri-253a-usa-uhslc_rq,92,0.9932,-71.327,41.505,USA
nezugaseki-gs07-jpn-jodc_giaj_aligned_annual,440.10,446.28,434.83,443.07,7.27,0.007014065,-0.641721,0.236867040,0.016406723,-0.806654705,0.232614448,nezugaseki-gs07-jpn-jodc_giaj_aligned,69,0.9862,139.54611667,38.56333333,JPN
nishinoomote-hd21-jpn-jodc_jcg_annual,441.39,447.57,442.38,450.62,1.01,0.315421223,-0.165340,0.285090212,0.018097496,-0.269478738,0.257677639,nishinoomote-hd21-jpn-jodc_jcg,60,0.9981,130.99221667,30.735,JPN
north_sydney-612-can-meds_annual,393.56,399.42,407.34,415.15,-11.78,1.000000000,-0.165171,0.436049367,0.026163368,-0.088122248,0.191869081,north_sydney-612-can-meds,56,0.9575,-60.25,46.22,CAN
noumea-019-fra-uhslc_fd_annual,356.58,362.71,357.19,365.36,1.40,0.237396089,-0.115005,0.145881680,0.028406196,0.046396480,0.154743842,noumea-019-fra-uhslc_fd,59,0.9896,166.437,-22.25,FRA
odomari-hd20-jpn-jodc_jcg_annual,516.40,522.64,500.43,508.74,17.97,0.000022385,0.313533,0.223172252,0.028821581,0.190213590,0.398338120,odomari-hd20-jpn-jodc_jcg,60,0.9981,130.68916667,31.02361667,JPN
oita-hd16-jpn-jodc_jcg_aligned_annual,476.77,482.90,496.97,505.14,-18.21,1.000000000,0.421571,0.240324839,0.035338989,0.388969804,0.318057610,oita-hd16-jpn-jodc_jcg_aligned,58,0.9981,131.68666667,33.26611667,JPN
okada-ma17-jpn-jodc_jma_annual,438.37,444.60,418.66,426.97,21.71,0.000003171,-0.538694,-0.048132272,0.028360823,-0.626593750,0.292755903,okada-ma17-jpn-jodc_jma,64,0.9694,139.39138333,34.78945,JPN
olands_norra_udde-2083-swe-smhi_annual,503.74,510.02,503.73,512.11,2.00,0.156788293,0.308934,-0.003403408,0.042318505,0.459635577,0.330315077,olands_norra_udde-2083-swe-smhi,62,0.9773,17.0972,57.3661,SWE
olandsnorraudde-ola-swe-cmems_annual,503.75,510.03,504.09,512.47,1.66,0.197756539,0.306245,-0.003404843,0.042318279,0.459459128,0.330305812,olandsnorraudde-ola-swe-cmems,62,0.9772,17.0972,57.3661,SWE
omaezaki-ma20-jpn-jodc_jma_annual,458.97,465.26,459.55,467.93,1.42,0.232821106,-0.075506,0.901971225,0.028497876,0.016964991,0.086915143,omaezaki-ma20-jpn-jodc_jma,64,0.985,138.22221667,34.60833333,JPN
ominato-hd04-jpn-jodc_jcg_aligned_annual,392.89,398.81,393.63,401.51,1.27,0.260155454,0.280220,0.270220749,0.029924817,0.826381841,0.117900832,ominato-hd04-jpn-jodc_jcg_aligned,57,0.9849,141.145,41.25638333,JPN
onisaki-gs09-jpn-jodc_giaj_annual,504.26,510.34,506.26,514.36,0.01,0.932411215,0.025989,-0.161784144,0.044387438,-0.075308602,0.525973552,onisaki-gs09-jpn-jodc_giaj,62,0.9684,136.82388333,34.90361667,JPN
osaka-ma30-jpn-jodc_jma_annual,476.65,482.56,481.33,489.21,-2.68,1.000000000,-0.223436,0.406898849,0.039687268,0.227860507,0.502299815,osaka-ma30-jpn-jodc_jma,64,0.8439,135.43278333,34.65805,JPN
oscarsborg-osc-nor-nhs_annual,466.01,472.03,470.59,478.62,-2.58,1.000000000,1.100687,-0.105759715,0.036628117,1.147959150,0.387600130,oscarsborg-osc-nor-nhs,73,0.8732,10.604861,59.678073,NOR
oscarsborgtg-osc-nor-cmems_annual,475.22,481.30,482.69,490.79,-5.46,1.000000000,0.749784,-0.202740654,0.033703043,0.729469981,0.353470804,oscarsborgtg-osc-nor-cmems,73,3.2424,10.604861,59.678074,NOR
oshoro-gs04-jpn-jodc_giaj_annual,565.58,572.98,567.30,577.16,0.28,0.593786715,0.098647,-0.041702537,0.010535804,0.213306267,0.227362715,oshoro-gs04-jpn-jodc_giaj,92,0.9789,140.85833333,43.20945,JPN
oskarshamn-2085-swe-smhi_annual,500.67,507.10,516.03,524.60,-13.36,1.000000000,0.005589,-0.008009011,0.037881887,0.141637261,0.304924168,oskarshamn-2085-swe-smhi,66,0.9793,16.4781,57.275,SWE
oskarshamn-osk-swe-cmems_annual,514.01,520.44,502.03,510.60,13.98,0.000184588,0.219879,-0.008004693,0.037881021,0.141755363,0.304920391,oskarshamn-osk-swe-cmems,66,0.9823,16.4781,57.275002,SWE
oslo-osl-nor-nhs_annual,833.66,841.32,835.68,845.89,-0.02,1.000000000,-0.041753,-0.268118018,0.020915796,-0.089799523,0.178691373,oslo-osl-nor-nhs,112,0.9312,10.73451,59.908559,NOR
oslotg-osl-nor-cmems_annual,832.80,840.46,834.82,845.04,-0.02,1.000000000,-0.073093,-0.312098982,0.017442895,-0.120812808,0.160834673,oslotg-osl-nor-cmems,112,1.7545,10.73451,59.908558,NOR
oulu-oul-fin-cmems_annual,471.84,477.75,466.50,474.38,7.35,0.006711787,0.849806,0.023124115,0.069287122,0.814952305,0.314940402,oulu-oul-fin-cmems,55,0.991,25.4182,65.040298,FIN
oulu_toppila-134248-fin-fmi_annual,479.48,485.44,474.15,482.11,7.32,0.006815840,0.850978,0.034565278,0.066485647,0.800175328,0.304475928,oulu_toppila-134248-fin-fmi,55,0.9896,25.42,65.04,FIN
oura-ma47-jpn-jodc_jma_annual,497.10,503.07,492.62,500.58,6.48,0.010932223,0.462322,0.248387226,0.023935003,-0.490682266,0.619694076,oura-ma47-jpn-jodc_jma,57,0.9831,130.22055,32.97666667,JPN
owase-ma24-jpn-jodc_jma_annual,459.73,465.81,460.63,468.73,1.10,0.294769226,-0.197829,-0.037614874,0.041378371,-0.036391116,0.476389862,owase-ma24-jpn-jodc_jma,58,1.0007,136.20721667,34.07638333,JPN
pago_pago-056-asm-uhslc_fd_annual,440.39,447.14,434.83,443.82,7.56,0.005953787,-0.046739,0.410159627,0.034584770,-0.027479640,0.051429866,pago_pago-056-asm-uhslc_fd,78,0.9854,-170.683,-14.283,ASM
pago_pago-056a-asm-uhslc_rq_annual,437.33,443.95,416.93,425.74,22.41,0.000002203,-0.024368,0.352578325,0.032613080,0.017467739,0.062738113,pago_pago-056a-asm-uhslc_rq,72,0.9911,-170.683,-14.283,ASM
pensacola-8729840-usa-noaa_annual,815.80,823.52,805.24,815.54,12.56,0.000394322,0.203971,0.267541590,0.014874384,0.415883317,0.139688125,pensacola-8729840-usa-noaa,103,0.9897,-87.211194,30.404389,USA
pensacola_fl-762-usa-uhslc_fd_annual,809.38,817.07,796.86,807.12,14.52,0.000138953,0.195946,0.269024800,0.014846494,0.399854126,0.146899957,pensacola_fl-762-usa-uhslc_fd,103,0.9926,-87.213,30.403,USA
pensacola_fl-762a-usa-uhslc_rq_annual,777.84,785.41,766.68,776.77,13.16,0.000285750,0.238570,0.249229264,0.014003461,0.508325868,0.158157348,pensacola_fl-762a-usa-uhslc_rq,99,0.9974,-87.213,30.403,USA
pietarsaari-pie-fin-cmems_annual,437.29,443.20,435.09,442.97,4.20,0.040537418,0.381393,0.019507884,0.067774671,0.293828699,0.240505357,pietarsaari-pie-fin-cmems,55,0.991,22.6896,63.708599,FIN
pietarsaari_leppaluoto-134250-fin-fmi_annual,444.12,450.09,443.02,450.98,3.10,0.078163127,0.373141,0.022601855,0.065432894,0.276640069,0.238685624,pietarsaari_leppaluoto-134250-fin-fmi,55,0.9898,22.69,63.71,FIN
point_lonsdale-60730-aus-bom_annual,458.28,464.51,459.91,468.22,0.37,0.544075120,0.143884,0.061683322,0.039384122,0.202714297,0.274378101,point_lonsdale-60730-aus-bom,61,0.9563,144.6139,-38.2919,AUS
pori-por-fin-cmems_annual,404.37,410.17,404.04,411.76,2.33,0.126622713,0.325720,0.007903270,0.061436445,0.330817796,0.189587990,pori-por-fin-cmems,55,0.991,21.4634,61.594398,FIN
pori_mantyluoto_kallo-134266-fin-fmi_annual,413.63,419.48,414.49,422.29,1.14,0.285542273,0.314651,0.011634668,0.059049379,0.303063534,0.197046711,pori_mantyluoto_kallo-134266-fin-fmi,55,0.9711,21.46,61.59,FIN
port_adelaide_outer_harbor-61600-aus-bom_annual,709.59,716.74,711.41,720.94,0.18,0.671953670,0.130680,0.232262472,0.019122225,-0.016365101,0.340676416,port_adelaide_outer_harbor-61600-aus-bom,83,0.9653,138.4807,-34.7798,AUS
port_hardy_bc-8408-can-meds_annual,414.00,420.24,416.16,424.47,-0.16,1.000000000,0.134429,-0.053589536,0.025910875,0.131428876,0.255145511,port_hardy_bc-8408-can-meds,62,0.9635,-127.49,50.72,CAN
port_isabel-8779770-usa-noaa_annual,612.55,619.54,613.65,622.98,0.90,0.343614758,-0.076228,0.455635012,0.019557042,0.010803244,0.122504408,port_isabel-8779770-usa-noaa,81,0.978,-97.215528,26.061167,USA
port_isabel_tx-772a-usa-uhslc_rq_annual,567.72,574.47,569.64,578.63,0.09,0.768328738,-0.028744,0.464888170,0.021311612,0.035226162,0.140546587,port_isabel_tx-772a-usa-uhslc_rq,76,1.0237,-97.215,26.06,USA
port_lincoln-61900-aus-bom_annual,460.79,466.87,459.49,467.59,3.30,0.069144791,0.666708,0.197411617,0.029640419,0.549530896,0.345379111,port_lincoln-61900-aus-bom,59,0.96,135.8701,-34.7159,AUS
port_san_luis-9412110-usa-noaa_annual,534.65,541.27,536.39,545.21,0.26,0.609565123,0.140322,0.113813894,0.019552507,0.027507004,0.311758693,port_san_luis-9412110-usa-noaa,77,0.9846,-120.754194,35.168806,USA
port_san_luis_ca-565a-usa-uhslc_rq_annual,516.04,522.32,508.59,516.97,9.45,0.002116830,-0.311268,0.107671573,0.021673167,0.164103625,0.298101269,port_san_luis_ca-565a-usa-uhslc_rq,71,1.043,-120.76,35.177,USA
portland-8418150-usa-noaa_annual,980.00,988.04,981.42,992.15,0.58,0.447857796,-0.161312,0.193800899,0.009427007,-0.212327583,0.266168738,portland-8418150-usa-noaa,116,0.9963,-70.24417,43.65806,USA
portland_me-252a-usa-uhslc_rq_annual,879.54,887.42,881.54,892.04,0.00,0.987695009,-0.003428,0.186258211,0.009786686,0.027638222,0.258313095,portland_me-252a-usa-uhslc_rq,112,0.9992,-70.247,43.657,USA
portpatrick-por-gbr-bodc_annual,374.25,379.39,376.26,383.11,-0.00,1.000000000,0.662402,0.301644072,0.030081247,0.815768453,0.546569940,portpatrick-por-gbr-bodc,57,2.7151,-5.120028,54.842556,GBR
providence-8454000-usa-noaa_annual,685.06,691.93,682.70,691.86,4.36,0.036761767,-0.652466,0.257413853,0.016724391,-0.382164369,0.365297921,providence-8454000-usa-noaa,80,0.9867,-71.401199,41.807098,USA
queen_charlotte_city-9850-can-meds_annual,488.66,494.84,496.42,504.66,-5.76,1.000000000,0.599796,0.068439002,0.030605797,-0.108665143,0.499635036,queen_charlotte_city-9850-can-meds,64,0.946,-132.07,53.25,CAN
raahe-raa-fin-cmems_annual,451.25,457.16,448.02,455.90,5.23,0.022181700,0.552820,-0.020890035,0.067672748,0.535786398,0.242187281,raahe-raa-fin-cmems,55,0.991,24.407101,64.665901,FIN
raahe_lapaluoto-100540-fin-fmi_annual,458.97,464.94,455.93,463.88,5.04,0.024726070,0.539024,-0.014920183,0.064857888,0.514904675,0.249853853,raahe_lapaluoto-100540-fin-fmi,55,0.9896,24.41,64.67,FIN
ratan-2056-swe-smhi_annual,1081.50,1090.17,1052.57,1064.13,30.93,0.000000027,-0.020240,-0.776488802,0.015180876,0.018999355,0.031196373,ratan-2056-swe-smhi,135,0.9909,20.895,63.9861,SWE
ratan-rat-swe-cmems_annual,1079.93,1088.60,1052.65,1064.21,29.28,0.000000063,-0.020316,-0.776460473,0.015182351,0.018993200,0.031197530,ratan-rat-swe-cmems,135,0.9908,20.895,63.986099,SWE
rauma-rau-fin-cmems_annual,433.18,439.09,432.27,440.15,2.91,0.088163389,0.449488,-0.028237137,0.060514958,0.502551290,0.227990093,rauma-rau-fin-cmems,55,0.991,21.4258,61.133499,FIN
rauma_ulko_petajas-134224-fin-fmi_annual,442.57,448.54,442.18,450.14,2.39,0.122159637,0.465530,-0.025070526,0.057736217,0.482682652,0.238780377,rauma_ulko_petajas-134224-fin-fmi,55,0.9898,21.43,61.13,FIN
rikitea-016-fra-uhslc_fd_annual,261.89,267.50,258.90,266.38,4.99,0.025437098,-0.188190,0.243556585,0.030373000,-0.187099032,0.094314938,rikitea-016-fra-uhslc_fd,57,0.9756,-134.953,-23.125,FRA
ringhals-2105-swe-smhi_annual,482.63,488.60,480.77,488.73,3.86,0.049409983,0.905837,0.068891135,0.041604196,0.918617250,0.561724671,ringhals-2105-swe-smhi,59,0.9444,12.1125,57.2497,SWE
ringhals-rin-swe-cmems_annual,430.12,435.86,430.28,437.93,1.84,0.174984963,0.619744,0.080440983,0.041628370,0.794678450,0.528232318,ringhals-rin-swe-cmems,57,0.9771,12.1125,57.249699,SWE
riviere_au_renard-2330-can-meds_annual,401.50,406.98,401.59,408.91,1.90,0.167625587,-0.326490,0.173574805,0.031232628,-0.520157192,0.573119852,riviere_au_renard-2330-can-meds,57,0.9132,-64.38,49.0,CAN
rorvik-803-nor-uhslc_fd_annual,448.03,453.94,463.55,471.44,-13.53,1.000000000,0.896890,0.141893157,0.040447228,0.814517024,0.377539772,rorvik-803-nor-uhslc_fd,57,0.9808,11.25,64.867,NOR
rorvik-rvk-nor-nhs_annual,435.35,441.21,434.10,441.91,3.25,0.071391857,0.797868,0.010719341,0.030354884,1.013754614,0.552295958,rorvik-rvk-nor-nhs,57,0.954,11.230107,64.859456,NOR
rorviktg-ror-nor-cmems_annual,461.36,467.33,459.01,466.97,4.35,0.037045645,0.926706,-0.061350343,0.028827508,1.303925009,0.550085234,rorviktg-ror-nor-cmems,57,4.1741,11.230107,64.859459,NOR
saigo-ma54-jpn-jodc_jma_annual,363.95,370.23,364.99,373.36,0.96,0.325935840,0.096365,0.279986646,0.020144781,0.152648551,0.102375450,saigo-ma54-jpn-jodc_jma,64,0.9694,133.33111667,36.20138333,JPN
saint_francois_io-3100-can-meds_annual,576.82,582.95,578.80,586.97,0.03,0.872502154,0.216513,0.071915995,0.041160827,-0.171789304,0.864505300,saint_francois_io-3100-can-meds,64,0.9484,-70.81,47.0,CAN
saint_joseph_de_la_rive-3057-can-meds_annual,412.47,417.82,414.09,421.23,0.38,0.537544584,-0.332638,0.027423067,0.071617685,-0.138701948,0.330920421,saint_joseph_de_la_rive-3057-can-meds,58,0.8842,-70.37,47.45,CAN
sakai-ma53-jpn-jodc_jma_annual,369.56,375.53,378.40,386.36,-6.84,1.000000000,0.224961,0.355457760,0.027097258,0.273054825,0.167243532,sakai-ma53-jpn-jodc_jma,58,0.9661,133.24305,35.54778333,JPN
san_diego-569-usa-uhslc_fd_annual,778.84,787.08,793.68,804.66,-12.84,1.000000000,-0.054027,0.220859315,0.008128893,-0.125774773,0.080323296,san_diego-569-usa-uhslc_fd,120,0.996,-117.173,32.715,USA
san_diego-9410170-usa-noaa_annual,865.40,873.61,854.54,865.49,12.86,0.000335056,-0.302018,0.220784134,0.008222878,-0.569484994,0.116144492,san_diego-9410170-usa-noaa,120,0.989,-117.173583,32.714194,USA
san_diego_ca-569a-usa-uhslc_rq_annual,753.94,762.07,753.58,764.41,2.36,0.124119108,-0.074835,0.218571976,0.008588153,-0.101446468,0.085917780,san_diego_ca-569a-usa-uhslc_rq,116,1.0002,-117.173,32.713,USA
san_francisco-9414290-usa-noaa_annual,947.25,955.67,946.92,958.14,2.33,0.126509778,0.168560,0.191649168,0.008254692,0.163125193,0.119676053,san_francisco-9414290-usa-noaa,127,0.9902,-122.465889,37.806306,USA
san_francisco_ca-551-usa-uhslc_fd_annual,968.20,976.73,961.93,973.30,8.27,0.004030057,0.275829,0.197529963,0.008209928,0.387186245,0.112156011,san_francisco_ca-551-usa-uhslc_fd,129,0.9922,-122.465,37.807,USA
san_francisco_ca-551a-usa-uhslc_rq_annual,944.15,952.58,939.17,950.42,6.98,0.008248323,0.269493,0.193885304,0.008624441,0.310986836,0.118031284,san_francisco_ca-551a-usa-uhslc_rq,125,0.996,-122.465,37.807,USA
sand_island-1619910-usa-noaa_annual,529.94,536.37,531.71,540.28,0.23,0.630305960,0.265071,0.198323626,0.019672443,0.309594093,0.309073411,sand_island-1619910-usa-noaa,71,0.9888,-177.36,28.2117,USA
santander-sant-esp-ieo_annual,493.27,499.93,494.68,503.56,0.59,0.442991308,0.104557,0.233017327,0.022022836,-0.084280288,0.151066165,santander-sant-esp-ieo,74,1.1498,-3.7908,43.4614,ESP
sasebo-hd19-jpn-jodc_jcg_annual,561.95,568.78,563.37,572.47,0.58,0.445361140,0.190180,0.170929624,0.020057079,0.455087139,0.252953791,sasebo-hd19-jpn-jodc_jcg,75,0.9981,129.72388333,33.15805,JPN
seattle-9447130-usa-noaa_annual,970.01,978.52,970.05,981.40,1.96,0.161983535,-0.133360,0.206705763,0.008006976,-0.277172376,0.113970730,seattle-9447130-usa-noaa,127,0.9967,-122.339167,47.601944,USA
seward_ak-560-usa-uhslc_fd_annual,377.46,383.14,379.73,387.29,-0.27,1.000000000,-0.013720,-0.379110742,0.039460004,-0.076419920,0.205682702,seward_ak-560-usa-uhslc_fd,56,1.0453,-149.427,60.12,USA
sewells_point-8638610-usa-noaa_annual,905.02,912.68,907.02,917.24,-0.01,1.000000000,-0.003988,0.477029650,0.013111506,0.056847974,0.183303208,sewells_point-8638610-usa-noaa,99,0.9917,-76.330002,36.946701,USA
shimizuminato-ma19-jpn-jodc_jma_annual,452.13,458.31,439.13,447.37,15.00,0.000107678,-0.026985,0.643037918,0.033387250,0.114465124,0.114087572,shimizuminato-ma19-jpn-jodc_jma,60,0.984,138.5175,35.01166667,JPN
shirahama-ma27-jpn-jodc_jma_annual,444.43,450.45,446.26,454.29,0.17,0.678666403,0.128987,0.030434282,0.038346724,0.014936847,0.470938157,shirahama-ma27-jpn-jodc_jma,57,0.9831,135.37528333,33.68361667,JPN
sitka-9451600-usa-noaa_annual,676.14,683.50,671.35,681.16,6.80,0.009140676,0.264670,-0.242517053,0.016657288,0.327630100,0.167890867,sitka-9451600-usa-noaa,88,0.995,-135.342,57.051694,USA
sitka_ak-559-usa-uhslc_fd_annual,660.94,668.30,657.79,667.61,5.15,0.023265301,0.208553,-0.244717692,0.016527610,0.217940695,0.143568903,sitka_ak-559-usa-uhslc_fd,88,0.9906,-135.342,57.052,USA
sitka_ak-559a-usa-uhslc_rq_annual,631.58,638.80,627.70,637.33,5.88,0.015326211,0.226528,-0.245445304,0.018292083,0.259227845,0.147889993,sitka_ak-559a-usa-uhslc_rq,84,0.9961,-135.342,57.052,USA
smogen-2111-swe-smhi_annual,975.18,983.39,976.28,987.22,0.90,0.341867883,0.281486,-0.154343389,0.011424561,0.224885823,0.218741150,smogen-2111-swe-smhi,116,0.99,11.2178,58.3536,SWE
smogen-smo-swe-cmems_annual,975.21,983.42,976.31,987.25,0.90,0.341970101,0.281112,-0.154350769,0.011423869,0.224498391,0.218796855,smogen-smo-swe-cmems,116,0.9899,11.2178,58.3536,SWE
south_beach-9435380-usa-noaa_annual,480.19,486.32,480.67,488.84,1.52,0.217282932,-0.297698,0.178041108,0.030237778,-0.335782264,0.392923874,south_beach-9435380-usa-noaa,59,0.9922,-124.04494,44.6254,USA
south_beach_or-592-usa-uhslc_fd_annual,467.49,473.56,469.48,477.58,0.01,0.908764636,-0.029248,0.154387341,0.032419919,-0.368301141,0.411648321,south_beach_or-592-usa-uhslc_fd,59,0.9907,-124.043,44.625,USA
south_beach_or-592a-usa-uhslc_rq_annual,443.23,449.14,477.66,485.54,-32.43,1.000000000,-0.931903,0.181906012,0.037085925,-0.407951494,0.428747087,south_beach_or-592a-usa-uhslc_rq,55,0.9991,-124.043,44.625,USA
spikarna-2061-swe-smhi_annual,447.31,453.39,431.56,439.66,17.76,0.000025125,0.128735,-0.589877650,0.052016744,0.189843761,0.121341850,spikarna-2061-swe-smhi,58,0.9782,17.5311,62.3633,SWE
spikarna-spi-swe-cmems_annual,447.28,453.35,431.53,439.63,17.75,0.000025223,0.128356,-0.589881427,0.052016651,0.189499602,0.120964941,spikarna-spi-swe-cmems,58,0.9781,17.531099,62.3633,SWE
st_petersburg_fl-759a-usa-uhslc_rq_annual,610.51,617.26,611.41,620.41,1.10,0.295015418,0.278614,0.291091205,0.013837571,0.341269289,0.320143657,st_petersburg_fl-759a-usa-uhslc_rq,76,0.988,-82.627,27.76,USA
stavanger-svg-nor-nhs_annual,651.25,658.68,669.33,679.24,-16.08,1.000000000,0.375735,0.086868561,0.012323683,0.505518482,0.235888425,stavanger-svg-nor-nhs,101,0.9287,5.730121,58.974339,NOR
stavangertg-sta-nor-cmems_annual,681.55,689.02,661.82,671.77,21.74,0.000003128,0.442444,0.051205040,0.011443396,0.638941447,0.289436271,stavangertg-sta-nor-cmems,101,2.7958,5.7301211,58.974339,NOR
stockholm-2069-swe-smhi_annual,1047.41,1056.15,1019.84,1031.49,29.56,0.000000054,0.016474,-0.360522232,0.012506277,0.008622094,0.059059427,stockholm-2069-swe-smhi,137,0.997,18.0817,59.3242,SWE
stockholm-826-swe-uhslc_fd_aligned_annual,1022.93,1031.60,995.66,1007.22,29.27,0.000000063,-0.008771,-0.357616010,0.013732978,-0.007191023,0.060136685,stockholm-826-swe-uhslc_fd_aligned,136,1.0043,18.083,59.317,SWE
stockholm-826a-swe-uhslc_rq_annual,940.29,948.73,923.42,934.67,18.87,0.000013991,-0.127810,-0.380532192,0.014365826,-0.008917514,0.061660016,stockholm-826a-swe-uhslc_rq,125,1.0087,18.082,59.325,SWE
stockholm-sto-swe-cmems_annual,1047.45,1056.19,1019.84,1031.49,29.61,0.000000053,0.016271,-0.360359231,0.012394843,0.008460938,0.059080497,stockholm-sto-swe-cmems,137,0.9969,18.081699,59.3242,SWE
sumoto-ma32-jpn-jodc_jma_annual,481.62,487.75,479.05,487.22,4.57,0.032516036,-0.088101,0.317856479,0.034591063,0.394784903,0.354341019,sumoto-ma32-jpn-jodc_jma,60,0.984,134.90111667,34.34666667,JPN
sydney_fort_denison-60370-aus-bom_annual,686.04,694.03,685.48,696.13,2.56,0.109496005,-0.142042,0.115664678,0.008593841,-0.151183941,0.122138312,sydney_fort_denison-60370-aus-bom,108,0.9881,151.2258,-33.8547,AUS
tajiri-gs10-jpn-jodc_giaj_annual,395.51,401.64,394.42,402.60,3.09,0.078692307,0.217058,0.355951302,0.023270567,0.214413607,0.162711447,tajiri-gs10-jpn-jodc_giaj,59,0.9837,134.31611667,35.59361667,JPN
takamatsu-ma35-jpn-jodc_jma_annual,466.87,472.72,454.83,462.63,14.04,0.000178932,0.738320,0.216924522,0.035874342,1.134109955,0.586664938,takamatsu-ma35-jpn-jodc_jma,60,0.9339,134.05695,34.35138333,JPN
tannowa-ma29-jpn-jodc_jma_annual,435.68,441.59,437.65,445.53,0.03,0.853720934,-0.041439,0.199975808,0.037649713,0.463761725,0.468396957,tannowa-ma29-jpn-jodc_jma,58,0.9661,135.17805,34.33888333,JPN
taranaki-076a-nzl-uhslc_rq_annual,301.23,306.52,303.23,310.27,0.01,0.936590466,0.011635,0.129590635,0.046772133,-0.049930142,0.205578665,taranaki-076a-nzl-uhslc_rq,65,0.9865,174.033,-39.05,NZL
tarifa-tari-esp-ieo_annual,495.61,502.09,497.42,506.05,0.20,0.658746515,-0.066369,0.108239695,0.025780189,-0.266313940,0.245489378,tarifa-tari-esp-ieo,72,1.1539,-5.6026,36.0086,ESP
terneuzen-ternzn-nld-rws_hist_annual,479.86,485.41,481.46,488.86,0.40,0.525669670,-0.607977,0.191973630,0.034768437,-0.674131955,1.335391536,terneuzen-ternzn-nld-rws_hist,80,2.7028,3.819812,51.336209,NLD
the_battery-8518750-usa-noaa_annual,880.83,888.43,882.60,892.73,0.23,0.634694061,-0.107100,0.328836029,0.010956234,0.067768683,0.257754599,the_battery-8518750-usa-noaa,102,0.9936,-74.014167,40.700556,USA
thevenard-62000-aus-bom_annual,478.48,484.45,478.66,486.62,1.82,0.177712893,0.598468,0.195295618,0.034386465,0.529177063,0.501082135,thevenard-62000-aus-bom,59,0.9347,133.6413,-32.1489,AUS
toba-ma23-jpn-jodc_jma_annual,507.37,513.45,509.75,517.85,-0.37,1.000000000,-0.168814,-0.003607344,0.040343045,-0.080592282,0.542066749,toba-ma23-jpn-jodc_jma,60,0.9673,136.82471667,34.48528333,JPN
tokuyama-hd15-jpn-jodc_jcg_annual,693.00,699.91,691.39,700.61,3.61,0.057594371,-0.363919,0.319211185,0.022510566,-0.472315568,0.442488435,tokuyama-hd15-jpn-jodc_jcg,75,0.9981,131.80278333,34.04083333,JPN
tokyo-ma15-jpn-jodc_jma_annual,478.78,484.69,480.55,488.43,0.24,0.627591573,0.282708,0.059080759,0.023645795,1.773223250,1.031538884,tokyo-ma15-jpn-jodc_jma,62,0.8715,139.77,35.64861667,JPN
tosashimizu-ma39-jpn-jodc_jma_annual,526.34,532.72,527.46,535.97,0.88,0.348020639,0.248216,0.238702569,0.030040027,0.017296110,0.362897197,tosashimizu-ma39-jpn-jodc_jma,64,0.985,132.95888333,32.77916667,JPN
townsville-59250-aus-bom_annual,556.29,562.77,587.17,595.81,-28.88,1.000000000,0.241251,0.227790696,0.023184598,-1.504055717,0.415770381,townsville-59250-aus-bom,64,0.9861,146.8333,-19.25,AUS
toyama-349-jpn-uhslc_fd_annual,335.10,341.28,337.09,345.34,0.01,0.926330303,0.006914,0.305380759,0.017592150,-0.000471062,0.099516802,toyama-349-jpn-uhslc_fd,59,0.9852,137.217,36.767,JPN
toyama-349a-jpn-uhslc_rq_annual,320.74,326.82,320.58,328.68,2.16,0.141275020,0.114489,0.300686725,0.018578879,0.039225585,0.105046031,toyama-349a-jpn-uhslc_rq,57,0.9949,137.233,36.767,JPN
toyama-ma56-jpn-jodc_jma_annual,320.83,326.90,320.53,328.63,2.30,0.129527548,0.116420,0.297673012,0.018192848,0.052792525,0.102620539,toyama-ma56-jpn-jodc_jma,57,1.0007,137.22471667,36.76221667,JPN
travemunde-tra-deu-bfg_annual,704.25,711.17,705.84,715.06,0.41,0.521781085,-0.283813,0.149668940,0.017845963,0.078515322,0.633120880,travemunde-tra-deu-bfg,76,0.9825,10.872182,53.958024,DEU
tregde-804-nor-uhslc_fd_annual,667.24,674.64,666.60,676.47,2.64,0.104117407,-0.424881,-0.031604275,0.011486260,-0.384678284,0.316611728,tregde-804-nor-uhslc_fd,99,0.9879,7.567,58.0,NOR
tregde-804a-nor-uhslc_rq_annual,616.39,623.54,616.81,626.33,1.59,0.207398137,-0.537612,-0.052436957,0.011519033,-0.511073586,0.364182484,tregde-804a-nor-uhslc_rq,92,0.9924,7.567,58.0,NOR
tregde-trg-nor-nhs_annual,674.46,681.86,674.20,684.06,2.27,0.132064014,0.360468,0.099681477,0.012437510,0.404428242,0.248884030,tregde-trg-nor-nhs,99,0.9517,7.554759,58.006377,NOR
tregdetg-tre-nor-cmems_annual,668.69,676.16,669.56,679.52,1.13,0.287959924,0.330876,0.048963989,0.011354655,0.355316429,0.334627554,tregdetg-tre-nor-cmems,99,2.813,7.554759,58.006378,NOR
tromso-tos-nor-nhs_annual,492.86,499.52,490.60,499.48,4.26,0.038968818,0.297366,0.075266404,0.022285348,0.253216412,0.213758822,tromso-tos-nor-nhs,74,0.9696,18.95479,69.64611,NOR
tromsoetg-tro-nor-cmems_annual,506.61,513.44,498.64,507.75,9.97,0.001590740,0.537113,-0.022667371,0.022515125,0.415319506,0.204682912,tromsoetg-tro-nor-cmems,74,3.5528,18.95479,69.646111,NOR
tumaco-303a-col-uhslc_rq_annual,443.14,448.56,439.49,446.71,5.65,0.017443891,-1.452142,-0.092919035,0.059281697,-1.647202170,0.550740338,tumaco-303a-col-uhslc_rq,68,0.9884,-78.73,1.817,COL
turku-tur-fin-cmems_annual,438.65,444.56,432.55,440.43,8.10,0.004427987,0.542628,-0.029880359,0.063089773,0.581737539,0.239933503,turku-tur-fin-cmems,55,0.991,22.1005,60.428299,FIN
uchiura-ma18-jpn-jodc_jma_annual,463.85,470.23,466.30,474.81,-0.45,1.000000000,0.128886,0.106508050,0.037092619,0.106375489,0.221491442,uchiura-ma18-jpn-jodc_jma,64,0.985,138.89028333,35.01721667,JPN
uno-ma33-jpn-jodc_jma_annual,514.89,520.92,516.86,524.89,0.03,0.853323175,0.012251,0.475852866,0.034353199,0.185243286,0.377716364,uno-ma33-jpn-jodc_jma,60,0.9673,133.94945,34.48861667,JPN
uragami-ma25-jpn-jodc_jma_annual,455.78,461.63,441.46,449.26,16.32,0.000053418,0.016792,0.330180551,0.043999159,0.273251230,0.322237255,uragami-ma25-jpn-jodc_jma,60,0.9673,135.89638333,33.55833333,JPN
uwajima-ma40-jpn-jodc_jma_annual,458.22,464.30,458.76,466.86,1.47,0.225655852,0.553502,0.031581615,0.028686757,0.703146436,0.537956844,uwajima-ma40-jpn-jodc_jma,60,0.9674,132.55111667,33.22721667,JPN
vaasa-vaa-fin-cmems_annual,432.97,438.89,433.02,440.90,1.95,0.162269129,0.320150,-0.007720725,0.064417518,0.338316996,0.244647794,vaasa-vaa-fin-cmems,55,0.991,21.571199,63.081501,FIN
vaasa_vaskiluoto-134223-fin-fmi_annual,428.69,434.66,428.77,436.73,1.92,0.165678144,0.255650,-0.003669075,0.061529570,0.328033439,0.244649842,vaasa_vaskiluoto-134223-fin-fmi,55,0.9898,21.57,63.08,FIN
valparaiso-081-chl-uhslc_fd_annual,457.89,464.60,459.51,468.45,0.38,0.536162501,0.048453,-0.059190251,0.031385564,0.018149768,0.121738240,valparaiso-081-chl-uhslc_fd,77,1.0591,-71.633,-33.033,CHL
valparaiso-081a-chl-uhslc_rq_annual,417.57,424.00,419.26,427.83,0.31,0.577677606,0.046244,-0.108138105,0.033157141,0.027816252,0.121686679,valparaiso-081a-chl-uhslc_rq,70,1.0721,-71.627,-33.027,CHL
varberg-2104-swe-smhi_annual,714.44,721.70,694.03,703.70,22.41,0.000002198,0.352960,-0.098880726,0.015746272,0.561034017,0.359821171,varberg-2104-swe-smhi,97,0.9224,12.2167,57.1,SWE
varberg1-var-swe-cmems_annual,714.64,721.90,715.25,724.92,1.40,0.237122306,0.514618,-0.019006552,0.016009610,0.458368262,0.447714586,varberg1-var-swe-cmems,97,0.9231,12.2167,57.099998,SWE
veracruz-250-mex-unam_hist_annual,392.03,397.77,393.82,401.47,0.21,0.646852122,0.083644,0.249808138,0.025698640,-0.110196292,0.276036170,veracruz-250-mex-unam_hist,62,0.9886,-96.12333333,19.19166667,MEX
victor_harbor-61490-aus-bom_annual,415.83,421.62,416.51,424.24,1.32,0.251015544,0.268080,0.161151752,0.040521286,0.166021165,0.312845903,victor_harbor-61490-aus-bom,59,0.9297,138.6354,-35.5625,AUS
victoria_bc-543a-can-uhslc_rq_annual,768.56,776.60,770.41,781.14,0.15,0.702445741,-0.056859,0.071611710,0.010648043,-0.073012906,0.178577367,victoria_bc-543a-can-uhslc_rq,110,0.9995,-123.37,48.425,CAN
vigo-vigo-esp-ieo_annual,509.13,515.83,511.06,520.00,0.06,0.802998500,-0.026583,0.207533535,0.026806920,-0.049952816,0.176278881,vigo-vigo-esp-ieo,74,1.1498,-8.73,42.238,ESP
visby-2080-swe-smhi_annual,462.12,468.64,451.29,459.99,12.83,0.000341776,-0.062383,-0.039676577,0.037678213,0.010990641,0.161376725,visby-2080-swe-smhi,66,0.9825,18.2844,57.6392,SWE
visby-vis-swe-cmems_annual,462.13,468.65,451.26,459.96,12.87,0.000334586,-0.062284,-0.039674652,0.037684955,0.011244249,0.161314880,visby-vis-swe-cmems,66,0.9823,18.284401,57.639198,SWE
vlieland_haven-vlielhvn-nld-rws_hist_annual,464.09,469.64,474.70,482.10,-8.61,1.000000000,0.966511,0.168683538,0.046665319,1.315422616,1.214370651,vlieland_haven-vlielhvn-nld-rws_hist,76,2.7492,5.091456,53.296125,NLD
wajima-gs03-jpn-jodc_giaj_annual,662.28,669.64,663.82,673.64,0.45,0.500360139,0.333756,0.027865715,0.012793826,0.334640165,0.342819983,wajima-gs03-jpn-jodc_giaj,92,0.9789,136.90055,37.40583333,JPN
wakayama-ma28-jpn-jodc_jma_annual,437.77,443.74,464.63,472.58,-24.85,1.000000000,0.000325,0.035113654,0.035814573,0.463232533,0.522443773,wakayama-ma28-jpn-jodc_jma,58,0.9661,135.14555,34.22166667,JPN
wake-051-usa-uhslc_fd_annual,486.41,493.07,484.63,493.51,3.78,0.051883787,-0.122789,0.212299410,0.021801530,-0.085045762,0.155375345,wake-051-usa-uhslc_fd,75,1.0018,166.617,19.283,USA
wake-051a-usa-uhslc_rq_annual,462.00,468.47,489.45,498.09,-25.45,1.000000000,-0.281210,0.213209326,0.023258015,-0.067255121,0.168349562,wake-051a-usa-uhslc_rq,71,1.009,166.617,19.283,USA
wake_island-1890000-usa-noaa_annual,481.21,487.78,511.49,520.25,-28.29,1.000000000,-0.125012,0.211977201,0.021676960,-0.229943302,0.149449879,wake_island-1890000-usa-noaa,75,0.9874,166.6175,19.290556,USA
wakkanai-360-jpn-uhslc_fd_annual,424.85,430.98,426.99,435.16,-0.14,1.000000000,0.098253,0.271749650,0.016167546,-0.014856604,0.222725142,wakkanai-360-jpn-uhslc_fd,59,0.9907,141.683,45.4,JPN
wakkanai-360a-jpn-uhslc_rq_annual,466.26,472.83,467.94,476.70,0.32,0.571299762,0.097497,0.263515876,0.012546318,0.131778128,0.172130978,wakkanai-360a-jpn-uhslc_rq,70,0.9864,141.683,45.4,JPN
wakkanai-ma01-jpn-jodc_jma_annual,417.08,423.16,418.85,426.95,0.23,0.629206687,0.227726,0.268798343,0.017382702,0.094820843,0.228227083,wakkanai-ma01-jpn-jodc_jma,58,0.9834,141.68528333,45.40778333,JPN
washington-8594900-usa-noaa_annual,898.65,906.19,898.25,908.29,2.41,0.120818929,0.334663,0.342152793,0.015433625,0.201540409,0.291432955,washington-8594900-usa-noaa,98,0.988,-77.0217,38.873,USA
wellington-071-nzl-uhslc_fd_annual,477.93,484.96,479.93,489.30,0.00,0.958927709,-0.004107,0.282749199,0.014773131,0.022335130,0.077022538,wellington-071-nzl-uhslc_fd,82,0.9828,174.783,-41.283,NZL
wellington-071a-nzl-uhslc_rq_annual,447.75,454.58,449.71,458.81,0.04,0.840020180,-0.018716,0.273026521,0.016478421,0.012542994,0.085435744,wellington-071a-nzl-uhslc_rq,76,0.9891,174.783,-41.283,NZL
west_terschelling-westtslg-nld-rws_hist_annual,475.80,481.35,464.95,472.35,12.85,0.000337498,1.552188,0.214959435,0.042716654,1.291180412,0.995856551,west_terschelling-westtslg-nld-rws_hist,91,2.3557,5.220026,53.363043,NLD
wick-wic-gbr-bodc_annual,379.97,385.46,382.08,389.39,-0.11,1.000000000,0.011650,0.161697604,0.026042559,0.043595834,0.562022116,wick-wic-gbr-bodc,59,2.657,-3.086389,58.440972,GBR
willets_point-8516990-usa-noaa_annual,625.71,631.99,626.36,634.73,1.36,0.244350670,1.114071,0.235506289,0.020044264,1.402827465,0.897347660,willets_point-8516990-usa-noaa,70,0.9884,-73.7817,40.7933,USA
wilmington-8658120-usa-noaa_annual,756.41,763.78,754.17,763.98,4.25,0.039296640,0.332018,0.273083574,0.019352091,0.988587629,0.254636455,wilmington-8658120-usa-noaa,91,0.9926,-77.953611,34.2275,USA
wilmington_nc-750a-usa-uhslc_rq_annual,710.37,717.59,709.97,719.60,2.41,0.120917283,0.250686,0.249393361,0.019626044,0.548426451,0.246610797,wilmington_nc-750a-usa-uhslc_rq,87,0.9893,-77.953,34.227,USA
woods_hole-8447930-usa-noaa_annual,733.50,740.72,753.07,762.69,-17.57,1.000000000,0.666659,0.305418589,0.013108705,0.129165593,0.228655034,woods_hole-8447930-usa-noaa,93,0.9748,-70.671112,41.523613,USA
woods_hole_ma-742a-usa-uhslc_rq_annual,473.91,479.82,492.10,499.98,-16.18,1.000000000,-0.200155,0.318463277,0.027887643,-0.134758170,0.440036047,woods_hole_ma-742a-usa-uhslc_rq,64,1.0163,-70.672,41.523,USA
wyndham-63090-aus-bom_annual,363.90,369.32,365.49,372.72,0.41,0.523028879,-0.087970,0.375105260,0.069614220,-0.357654875,0.186345737,wyndham-63090-aus-bom,56,0.9039,128.101,-15.4533,AUS
yakutat-9453220-usa-noaa_annual,426.77,432.73,449.47,457.43,-20.70,1.000000000,0.179739,-1.248882264,0.048657346,0.142529371,0.058438140,yakutat-9453220-usa-noaa,65,0.9748,-139.733056,59.548333,USA
yakutat_ak-570-usa-uhslc_fd_annual,447.67,453.63,444.45,452.41,5.22,0.022377931,0.190256,-1.247624601,0.048900017,0.149222271,0.049497227,yakutat_ak-570-usa-uhslc_fd,65,0.9929,-139.735,59.547,USA
yakutat_ak-570a-usa-uhslc_rq_annual,419.07,424.81,415.71,423.35,5.37,0.020531543,0.238839,-1.210229201,0.059347931,0.157694817,0.059362713,yakutat_ak-570a-usa-uhslc_rq,61,1.0007,-139.735,59.548,USA
yap-008-fsm-uhslc_fd_annual,350.72,356.21,352.68,359.99,0.04,0.836325383,-0.008071,0.320160400,0.096897858,-0.109310991,0.122311857,yap-008-fsm-uhslc_fd,55,1.0214,138.128,9.508,FSM
yokosuka-hd08-jpn-jodc_jcg_annual,492.69,499.07,493.13,501.64,1.55,0.212599049,0.296016,0.407265558,0.018697107,0.385770545,0.166678789,yokosuka-hd08-jpn-jodc_jcg,65,0.9981,139.65138333,35.28805,JPN
ystad-2093-swe-smhi_annual,839.45,847.24,863.23,873.61,-21.78,1.000000000,0.437634,0.059127199,0.014741091,0.330925040,0.381824061,ystad-2093-swe-smhi,102,0.9828,13.8167,55.4167,SWE
ystad-yst-swe-cmems_annual,860.74,868.52,862.97,873.35,-0.23,1.000000000,0.428644,0.059127085,0.014741135,0.330936052,0.381821244,ystad-yst-swe-cmems,102,0.9828,13.8167,55.416698,SWE
